timestamp_utc,name,memory_used_mib,utilization_gpu_percent,temperature_c,power_draw_w
2026-09-07T15:02:15Z,NVIDIA GeForce RTX 4090 Laptop GPU, 14443, 37, 71, 11.26
2026-09-07T15:02:16Z,NVIDIA GeForce RTX 4090 Laptop GPU, 14443, 38, 71, 11.13
2026-09-07T15:02:17Z,NVIDIA GeForce RTX 4090 Laptop GPU, 14443, 39, 70, 11.11
2026-09-07T15:02:18Z,NVIDIA GeForce RTX 4090 Laptop GPU, 14443, 39, 70, 11.11
2026-09-07T15:02:19Z,NVIDIA GeForce RTX 4090 Laptop GPU, 14443, 39, 70, 10.97
2026-09-07T15:02:20Z,NVIDIA GeForce RTX 4090 Laptop GPU, 14443, 37, 70, 10.94
2026-09-07T15:02:21Z,NVIDIA GeForce RTX 4090 Laptop GPU, 14443, 99, 74, 45.37
2026-09-07T15:02:22Z,NVIDIA GeForce RTX 4090 Laptop GPU, 14443, 86, 76, 151.21
2026-09-07T15:02:23Z,NVIDIA GeForce RTX 4090 Laptop GPU, 14443, 99, 78, 161.10
2026-09-07T15:02:24Z,NVIDIA GeForce RTX 4090 Laptop GPU, 14443, 99, 78, 162.70
2026-09-07T15:02:25Z,NVIDIA GeForce RTX 4090 Laptop GPU, 14443, 99, 79, 163.85
2026-09-07T15:02:26Z,NVIDIA GeForce RTX 4090 Laptop GPU, 14443, 99, 80, 164.87
2026-09-07T15:02:27Z,NVIDIA GeForce RTX 4090 Laptop GPU, 14443, 99, 80, 164.85
2026-09-07T15:02:28Z,NVIDIA GeForce RTX 4090 Laptop GPU, 14443, 99, 80, 165.63
2026-09-07T15:02:29Z,NVIDIA GeForce RTX 4090 Laptop GPU, 14443, 99, 81, 164.04
2026-09-07T15:02:30Z,NVIDIA GeForce RTX 4090 Laptop GPU, 14443, 99, 81, 168.31
2026-09-07T15:02:31Z,NVIDIA GeForce RTX 4090 Laptop GPU, 14443, 91, 82, 168.05
2026-09-07T15:02:32Z,NVIDIA GeForce RTX 4090 Laptop GPU, 14443, 99, 82, 167.41
2026-09-07T15:02:33Z,NVIDIA GeForce RTX 4090 Laptop GPU, 14443, 99, 82, 167.73
2026-09-07T15:02:35Z,NVIDIA GeForce RTX 4090 Laptop GPU, 14443, 99, 83, 165.62
2026-09-07T15:02:36Z,NVIDIA GeForce RTX 4090 Laptop GPU, 14443, 99, 83, 166.91
2026-09-07T15:02:37Z,NVIDIA GeForce RTX 4090 Laptop GPU, 14443, 99, 83, 168.53
2026-09-07T15:02:38Z,NVIDIA GeForce RTX 4090 Laptop GPU, 14443, 99, 84, 164.61
2026-09-07T15:02:39Z,NVIDIA GeForce RTX 4090 Laptop GPU, 14443, 99, 84, 167.86
2026-09-07T15:02:40Z,NVIDIA GeForce RTX 4090 Laptop GPU, 14443, 94, 84, 165.54
2026-09-07T15:02:41Z,NVIDIA GeForce RTX 4090 Laptop GPU, 14443, 99, 85, 168.64
2026-09-07T15:02:42Z,NVIDIA GeForce RTX 4090 Laptop GPU, 14443, 93, 85, 167.93
2026-09-07T15:02:43Z,NVIDIA GeForce RTX 4090 Laptop GPU, 14443, 99, 85, 166.67
2026-09-07T15:02:44Z,NVIDIA GeForce RTX 4090 Laptop GPU, 14443, 99, 86, 168.88
2026-09-07T15:02:45Z,NVIDIA GeForce RTX 4090 Laptop GPU, 14443, 99, 86, 169.98
2026-09-07T15:02:46Z,NVIDIA GeForce RTX 4090 Laptop GPU, 14443, 83, 86, 164.16
2026-09-07T15:02:47Z,NVIDIA GeForce RTX 4090 Laptop GPU, 14443, 99, 86, 166.05
2026-09-07T15:02:46Z,NVIDIA GeForce RTX 4090 Laptop GPU, 14443, 93, 86, 164.37
2026-09-07T15:02:47Z,NVIDIA GeForce RTX 4090 Laptop GPU, 14443, 97, 86, 159.39
2026-09-07T15:02:48Z,NVIDIA GeForce RTX 4090 Laptop GPU, 14443, 94, 86, 157.75
2026-09-07T15:02:49Z,NVIDIA GeForce RTX 4090 Laptop GPU, 14443, 99, 86, 159.28
2026-09-07T15:02:50Z,NVIDIA GeForce RTX 4090 Laptop GPU, 14443, 97, 87, 157.48
2026-09-07T15:02:51Z,NVIDIA GeForce RTX 4090 Laptop GPU, 14443, 94, 86, 149.27
2026-09-07T15:02:52Z,NVIDIA GeForce RTX 4090 Laptop GPU, 14443, 92, 86, 150.25
2026-09-07T15:02:54Z,NVIDIA GeForce RTX 4090 Laptop GPU, 14443, 94, 86, 150.36
2026-09-07T15:02:55Z,NVIDIA GeForce RTX 4090 Laptop GPU, 14443, 99, 86, 148.00
2026-09-07T15:02:56Z,NVIDIA GeForce RTX 4090 Laptop GPU, 14443, 90, 86, 146.29
2026-09-07T15:02:57Z,NVIDIA GeForce RTX 4090 Laptop GPU, 14443, 93, 86, 144.43
2026-09-07T15:02:58Z,NVIDIA GeForce RTX 4090 Laptop GPU, 14443, 95, 86, 144.21
2026-09-07T15:02:59Z,NVIDIA GeForce RTX 4090 Laptop GPU, 14443, 93, 86, 138.89
2026-09-07T15:03:00Z,NVIDIA GeForce RTX 4090 Laptop GPU, 14443, 95, 86, 139.39
2026-09-07T15:03:01Z,NVIDIA GeForce RTX 4090 Laptop GPU, 14443, 93, 86, 139.76
2026-09-07T15:03:02Z,NVIDIA GeForce RTX 4090 Laptop GPU, 14443, 95, 86, 141.17
2026-09-07T15:03:03Z,NVIDIA GeForce RTX 4090 Laptop GPU, 14443, 93, 87, 146.41
2026-09-07T15:03:04Z,NVIDIA GeForce RTX 4090 Laptop GPU, 14443, 86, 86, 136.51
2026-09-07T15:03:05Z,NVIDIA GeForce RTX 4090 Laptop GPU, 14443, 89, 87, 135.22
2026-09-07T15:03:06Z,NVIDIA GeForce RTX 4090 Laptop GPU, 14443, 83, 86, 132.64
2026-09-07T15:03:07Z,NVIDIA GeForce RTX 4090 Laptop GPU, 14443, 84, 86, 133.58
2026-09-07T15:03:08Z,NVIDIA GeForce RTX 4090 Laptop GPU, 14443, 90, 86, 132.09
2026-09-07T15:03:09Z,NVIDIA GeForce RTX 4090 Laptop GPU, 14443, 90, 86, 133.88
2026-09-07T15:03:10Z,NVIDIA GeForce RTX 4090 Laptop GPU, 14443, 89, 86, 133.86
2026-09-07T15:03:12Z,NVIDIA GeForce RTX 4090 Laptop GPU, 14443, 99, 86, 133.45
2026-09-07T15:03:13Z,NVIDIA GeForce RTX 4090 Laptop GPU, 14443, 85, 86, 132.75
2026-09-07T15:03:14Z,NVIDIA GeForce RTX 4090 Laptop GPU, 14443, 93, 86, 133.69
2026-09-07T15:03:15Z,NVIDIA GeForce RTX 4090 Laptop GPU, 14443, 99, 86, 133.35
2026-09-07T15:03:16Z,NVIDIA GeForce RTX 4090 Laptop GPU, 14443, 87, 86, 134.24
2026-09-07T15:03:17Z,NVIDIA GeForce RTX 4090 Laptop GPU, 14443, 93, 86, 135.26
2026-09-07T15:03:16Z,NVIDIA GeForce RTX 4090 Laptop GPU, 14443, 91, 86, 133.73
2026-09-07T15:03:17Z,NVIDIA GeForce RTX 4090 Laptop GPU, 14443, 86, 86, 133.75
2026-09-07T15:03:18Z,NVIDIA GeForce RTX 4090 Laptop GPU, 14443, 90, 86, 135.41
2026-09-07T15:03:19Z,NVIDIA GeForce RTX 4090 Laptop GPU, 14443, 85, 85, 118.31
2026-09-07T15:03:20Z,NVIDIA GeForce RTX 4090 Laptop GPU, 14443, 77, 86, 127.70
2026-09-07T15:03:21Z,NVIDIA GeForce RTX 4090 Laptop GPU, 14443, 88, 86, 132.07
2026-09-07T15:03:22Z,NVIDIA GeForce RTX 4090 Laptop GPU, 14443, 87, 85, 118.17
2026-09-07T15:03:23Z,NVIDIA GeForce RTX 4090 Laptop GPU, 14443, 85, 86, 130.18
2026-09-07T15:03:24Z,NVIDIA GeForce RTX 4090 Laptop GPU, 14443, 99, 87, 127.48
2026-09-07T15:03:26Z,NVIDIA GeForce RTX 4090 Laptop GPU, 14443, 86, 86, 122.87
2026-09-07T15:03:27Z,NVIDIA GeForce RTX 4090 Laptop GPU, 14443, 92, 86, 133.74
2026-09-07T15:03:28Z,NVIDIA GeForce RTX 4090 Laptop GPU, 14443, 92, 86, 135.31
2026-09-07T15:03:29Z,NVIDIA GeForce RTX 4090 Laptop GPU, 14443, 86, 86, 131.53
2026-09-07T15:03:30Z,NVIDIA GeForce RTX 4090 Laptop GPU, 14443, 88, 86, 133.33
2026-09-07T15:03:31Z,NVIDIA GeForce RTX 4090 Laptop GPU, 14443, 79, 86, 129.17
2026-09-07T15:03:32Z,NVIDIA GeForce RTX 4090 Laptop GPU, 14443, 80, 86, 130.81
2026-09-07T15:03:33Z,NVIDIA GeForce RTX 4090 Laptop GPU, 14443, 92, 86, 131.57
2026-09-07T15:03:34Z,NVIDIA GeForce RTX 4090 Laptop GPU, 14443, 87, 86, 131.37
2026-09-07T15:03:35Z,NVIDIA GeForce RTX 4090 Laptop GPU, 14443, 90, 86, 132.11
2026-09-07T15:03:36Z,NVIDIA GeForce RTX 4090 Laptop GPU, 14443, 88, 86, 132.20
2026-09-07T15:03:37Z,NVIDIA GeForce RTX 4090 Laptop GPU, 14443, 85, 86, 130.38
2026-09-07T15:03:39Z,NVIDIA GeForce RTX 4090 Laptop GPU, 14443, 86, 86, 131.54
2026-09-07T15:03:40Z,NVIDIA GeForce RTX 4090 Laptop GPU, 14443, 80, 86, 129.38
2026-09-07T15:03:41Z,NVIDIA GeForce RTX 4090 Laptop GPU, 14443, 88, 86, 131.16
2026-09-07T15:03:42Z,NVIDIA GeForce RTX 4090 Laptop GPU, 14443, 88, 86, 132.59
2026-09-07T15:03:43Z,NVIDIA GeForce RTX 4090 Laptop GPU, 14443, 84, 86, 129.86
2026-09-07T15:03:44Z,NVIDIA GeForce RTX 4090 Laptop GPU, 14443, 81, 87, 135.94
2026-09-07T15:03:45Z,NVIDIA GeForce RTX 4090 Laptop GPU, 14443, 77, 86, 125.90
2026-09-07T15:03:46Z,NVIDIA GeForce RTX 4090 Laptop GPU, 14443, 81, 86, 123.20
2026-09-07T15:03:47Z,NVIDIA GeForce RTX 4090 Laptop GPU, 14443, 83, 85, 119.61
2026-09-07T15:03:48Z,NVIDIA GeForce RTX 4090 Laptop GPU, 14443, 79, 85, 117.81
2026-09-07T15:03:47Z,NVIDIA GeForce RTX 4090 Laptop GPU, 14443, 77, 86, 124.93
2026-09-07T15:03:48Z,NVIDIA GeForce RTX 4090 Laptop GPU, 14443, 85, 86, 128.42
2026-09-07T15:03:49Z,NVIDIA GeForce RTX 4090 Laptop GPU, 14443, 87, 86, 129.83
2026-09-07T15:03:50Z,NVIDIA GeForce RTX 4090 Laptop GPU, 14443, 84, 86, 127.28
2026-09-07T15:03:52Z,NVIDIA GeForce RTX 4090 Laptop GPU, 14443, 89, 86, 127.70
2026-09-07T15:03:53Z,NVIDIA GeForce RTX 4090 Laptop GPU, 14443, 86, 86, 127.11
2026-09-07T15:03:54Z,NVIDIA GeForce RTX 4090 Laptop GPU, 14443, 88, 86, 127.13
2026-09-07T15:03:55Z,NVIDIA GeForce RTX 4090 Laptop GPU, 14443, 84, 85, 120.69
2026-09-07T15:03:56Z,NVIDIA GeForce RTX 4090 Laptop GPU, 14443, 86, 86, 127.94
2026-09-07T15:03:57Z,NVIDIA GeForce RTX 4090 Laptop GPU, 14443, 85, 86, 131.03
2026-09-07T15:03:58Z,NVIDIA GeForce RTX 4090 Laptop GPU, 14455, 79, 86, 128.48
2026-09-07T15:03:59Z,NVIDIA GeForce RTX 4090 Laptop GPU, 14455, 80, 86, 128.01
2026-09-07T15:04:00Z,NVIDIA GeForce RTX 4090 Laptop GPU, 14455, 73, 86, 129.04
2026-09-07T15:04:01Z,NVIDIA GeForce RTX 4090 Laptop GPU, 14451, 4, 84, 85.50
2026-09-07T15:04:02Z,NVIDIA GeForce RTX 4090 Laptop GPU, 14451, 3, 83, 58.07
2026-09-07T15:04:03Z,NVIDIA GeForce RTX 4090 Laptop GPU, 14451, 6, 81, 38.99
2026-09-07T15:04:04Z,NVIDIA GeForce RTX 4090 Laptop GPU, 14446, 21, 80, 27.08
2026-09-07T15:04:05Z,NVIDIA GeForce RTX 4090 Laptop GPU, 14445, 24, 80, 23.63
2026-09-07T15:04:06Z,NVIDIA GeForce RTX 4090 Laptop GPU, 14445, 23, 79, 20.30
2026-09-07T15:04:07Z,NVIDIA GeForce RTX 4090 Laptop GPU, 14445, 32, 79, 13.76
2026-09-07T15:04:09Z,NVIDIA GeForce RTX 4090 Laptop GPU, 14445, 100, 78, 62.20
2026-09-07T15:04:10Z,NVIDIA GeForce RTX 4090 Laptop GPU, 14451, 74, 84, 148.59
2026-09-07T15:04:11Z,NVIDIA GeForce RTX 4090 Laptop GPU, 14451, 97, 84, 156.01
2026-09-07T15:04:12Z,NVIDIA GeForce RTX 4090 Laptop GPU, 14450, 100, 88, 157.30
2026-09-07T15:04:13Z,NVIDIA GeForce RTX 4090 Laptop GPU, 14450, 97, 85, 154.01
2026-09-07T15:04:14Z,NVIDIA GeForce RTX 4090 Laptop GPU, 14450, 99, 85, 155.63
2026-09-07T15:04:15Z,NVIDIA GeForce RTX 4090 Laptop GPU, 14446, 99, 86, 152.42
2026-09-07T15:04:16Z,NVIDIA GeForce RTX 4090 Laptop GPU, 14446, 99, 85, 153.79
2026-09-07T15:04:17Z,NVIDIA GeForce RTX 4090 Laptop GPU, 14446, 89, 85, 149.53
2026-09-07T15:04:18Z,NVIDIA GeForce RTX 4090 Laptop GPU, 14453, 79, 86, 151.00
2026-09-07T15:04:19Z,NVIDIA GeForce RTX 4090 Laptop GPU, 14453, 97, 86, 150.29
2026-09-07T15:04:18Z,NVIDIA GeForce RTX 4090 Laptop GPU, 14453, 93, 86, 154.26
2026-09-07T15:04:19Z,NVIDIA GeForce RTX 4090 Laptop GPU, 14453, 93, 87, 156.02
2026-09-07T15:04:20Z,NVIDIA GeForce RTX 4090 Laptop GPU, 14452, 89, 86, 146.25
2026-09-07T15:04:21Z,NVIDIA GeForce RTX 4090 Laptop GPU, 14445, 99, 86, 148.92
2026-09-07T15:04:22Z,NVIDIA GeForce RTX 4090 Laptop GPU, 14449, 98, 86, 130.91
2026-09-07T15:04:23Z,NVIDIA GeForce RTX 4090 Laptop GPU, 14449, 85, 86, 132.79
2026-09-07T15:04:25Z,NVIDIA GeForce RTX 4090 Laptop GPU, 14449, 73, 86, 137.31
2026-09-07T15:04:26Z,NVIDIA GeForce RTX 4090 Laptop GPU, 14449, 80, 86, 131.62
2026-09-07T15:04:27Z,NVIDIA GeForce RTX 4090 Laptop GPU, 14449, 76, 86, 134.97
2026-09-07T15:04:28Z,NVIDIA GeForce RTX 4090 Laptop GPU, 14449, 83, 86, 138.12
2026-09-07T15:04:29Z,NVIDIA GeForce RTX 4090 Laptop GPU, 14449, 100, 87, 129.67
2026-09-07T15:04:30Z,NVIDIA GeForce RTX 4090 Laptop GPU, 14449, 80, 86, 129.45
2026-09-07T15:04:31Z,NVIDIA GeForce RTX 4090 Laptop GPU, 14449, 85, 86, 131.83
2026-09-07T15:04:32Z,NVIDIA GeForce RTX 4090 Laptop GPU, 14449, 79, 86, 131.55
2026-09-07T15:04:33Z,NVIDIA GeForce RTX 4090 Laptop GPU, 14449, 90, 86, 130.29
2026-09-07T15:04:34Z,NVIDIA GeForce RTX 4090 Laptop GPU, 14449, 94, 86, 133.15
2026-09-07T15:04:35Z,NVIDIA GeForce RTX 4090 Laptop GPU, 14449, 90, 86, 134.12
2026-09-07T15:04:36Z,NVIDIA GeForce RTX 4090 Laptop GPU, 14449, 6, 83, 80.85
2026-09-07T15:04:37Z,NVIDIA GeForce RTX 4090 Laptop GPU, 14449, 7, 83, 58.80
2026-09-07T15:04:38Z,NVIDIA GeForce RTX 4090 Laptop GPU, 14449, 17, 81, 38.15
2026-09-07T15:04:39Z,NVIDIA GeForce RTX 4090 Laptop GPU, 14449, 20, 80, 25.14
2026-09-07T15:04:40Z,NVIDIA GeForce RTX 4090 Laptop GPU, 14449, 24, 79, 24.11
2026-09-07T15:04:42Z,NVIDIA GeForce RTX 4090 Laptop GPU, 14449, 31, 79, 16.48
2026-09-07T15:04:43Z,NVIDIA GeForce RTX 4090 Laptop GPU, 14449, 32, 78, 14.12
2026-09-07T15:04:44Z,NVIDIA GeForce RTX 4090 Laptop GPU, 14449, 100, 84, 50.06
2026-09-07T15:04:45Z,NVIDIA GeForce RTX 4090 Laptop GPU, 14449, 92, 84, 159.39
2026-09-07T15:04:46Z,NVIDIA GeForce RTX 4090 Laptop GPU, 14449, 91, 85, 156.76
2026-09-07T15:04:47Z,NVIDIA GeForce RTX 4090 Laptop GPU, 14449, 100, 86, 168.68
2026-09-07T15:04:48Z,NVIDIA GeForce RTX 4090 Laptop GPU, 14449, 98, 86, 169.34
2026-09-07T15:04:49Z,NVIDIA GeForce RTX 4090 Laptop GPU, 14449, 96, 86, 163.66
2026-09-07T15:04:50Z,NVIDIA GeForce RTX 4090 Laptop GPU, 14449, 100, 86, 150.73
2026-09-07T15:04:49Z,NVIDIA GeForce RTX 4090 Laptop GPU, 14449, 95, 86, 149.18
2026-09-07T15:04:50Z,NVIDIA GeForce RTX 4090 Laptop GPU, 14449, 92, 86, 153.14
2026-09-07T15:04:51Z,NVIDIA GeForce RTX 4090 Laptop GPU, 14449, 100, 86, 146.40
2026-09-07T15:04:52Z,NVIDIA GeForce RTX 4090 Laptop GPU, 14449, 99, 86, 146.64
2026-09-07T15:04:53Z,NVIDIA GeForce RTX 4090 Laptop GPU, 14449, 98, 86, 150.82
2026-09-07T15:04:54Z,NVIDIA GeForce RTX 4090 Laptop GPU, 14449, 100, 86, 143.94
2026-09-07T15:04:55Z,NVIDIA GeForce RTX 4090 Laptop GPU, 14449, 86, 86, 149.51
2026-09-07T15:04:56Z,NVIDIA GeForce RTX 4090 Laptop GPU, 14449, 95, 86, 141.84
2026-09-07T15:04:57Z,NVIDIA GeForce RTX 4090 Laptop GPU, 14449, 100, 86, 136.45
2026-09-07T15:04:58Z,NVIDIA GeForce RTX 4090 Laptop GPU, 14449, 92, 86, 131.37
2026-09-07T15:04:59Z,NVIDIA GeForce RTX 4090 Laptop GPU, 14449, 99, 86, 136.07
2026-09-07T15:05:01Z,NVIDIA GeForce RTX 4090 Laptop GPU, 14449, 100, 86, 129.61
2026-09-07T15:05:02Z,NVIDIA GeForce RTX 4090 Laptop GPU, 14449, 98, 86, 129.51
2026-09-07T15:05:03Z,NVIDIA GeForce RTX 4090 Laptop GPU, 14449, 95, 86, 134.80
2026-09-07T15:05:04Z,NVIDIA GeForce RTX 4090 Laptop GPU, 14449, 79, 86, 132.93
2026-09-07T15:05:05Z,NVIDIA GeForce RTX 4090 Laptop GPU, 14449, 88, 86, 129.43
2026-09-07T15:05:06Z,NVIDIA GeForce RTX 4090 Laptop GPU, 14449, 85, 86, 136.68
2026-09-07T15:05:07Z,NVIDIA GeForce RTX 4090 Laptop GPU, 14449, 93, 86, 135.75
2026-09-07T15:05:08Z,NVIDIA GeForce RTX 4090 Laptop GPU, 14449, 94, 86, 129.34
2026-09-07T15:05:09Z,NVIDIA GeForce RTX 4090 Laptop GPU, 14449, 92, 86, 131.29
2026-09-07T15:05:10Z,NVIDIA GeForce RTX 4090 Laptop GPU, 14449, 85, 86, 132.07
2026-09-07T15:05:11Z,NVIDIA GeForce RTX 4090 Laptop GPU, 14449, 79, 86, 124.98
2026-09-07T15:05:12Z,NVIDIA GeForce RTX 4090 Laptop GPU, 14449, 89, 86, 130.84
2026-09-07T15:05:13Z,NVIDIA GeForce RTX 4090 Laptop GPU, 14449, 87, 86, 130.94
2026-09-07T15:05:14Z,NVIDIA GeForce RTX 4090 Laptop GPU, 14449, 95, 86, 124.11
2026-09-07T15:05:15Z,NVIDIA GeForce RTX 4090 Laptop GPU, 14449, 86, 86, 127.84
2026-09-07T15:05:16Z,NVIDIA GeForce RTX 4090 Laptop GPU, 14449, 81, 86, 129.24
2026-09-07T15:05:17Z,NVIDIA GeForce RTX 4090 Laptop GPU, 14449, 98, 85, 119.14
2026-09-07T15:05:18Z,NVIDIA GeForce RTX 4090 Laptop GPU, 14449, 89, 85, 117.10
2026-09-07T15:05:19Z,NVIDIA GeForce RTX 4090 Laptop GPU, 14449, 99, 86, 134.21
2026-09-07T15:05:19Z,NVIDIA GeForce RTX 4090 Laptop GPU, 14449, 99, 86, 126.16
2026-09-07T15:05:20Z,NVIDIA GeForce RTX 4090 Laptop GPU, 14449, 90, 86, 129.38
2026-09-07T15:05:21Z,NVIDIA GeForce RTX 4090 Laptop GPU, 14449, 93, 86, 134.19
2026-09-07T15:05:22Z,NVIDIA GeForce RTX 4090 Laptop GPU, 14449, 100, 87, 126.31
2026-09-07T15:05:23Z,NVIDIA GeForce RTX 4090 Laptop GPU, 14449, 89, 86, 126.85
2026-09-07T15:05:24Z,NVIDIA GeForce RTX 4090 Laptop GPU, 14449, 83, 86, 129.69
2026-09-07T15:05:25Z,NVIDIA GeForce RTX 4090 Laptop GPU, 14449, 71, 86, 127.38
2026-09-07T15:05:26Z,NVIDIA GeForce RTX 4090 Laptop GPU, 14449, 88, 86, 126.11
2026-09-07T15:05:27Z,NVIDIA GeForce RTX 4090 Laptop GPU, 14449, 79, 86, 128.23
2026-09-07T15:05:28Z,NVIDIA GeForce RTX 4090 Laptop GPU, 14449, 89, 86, 130.63
2026-09-07T15:05:29Z,NVIDIA GeForce RTX 4090 Laptop GPU, 14449, 88, 86, 132.99
2026-09-07T15:05:30Z,NVIDIA GeForce RTX 4090 Laptop GPU, 14449, 95, 86, 136.60
2026-09-07T15:05:31Z,NVIDIA GeForce RTX 4090 Laptop GPU, 14449, 99, 88, 128.45
2026-09-07T15:05:32Z,NVIDIA GeForce RTX 4090 Laptop GPU, 14449, 88, 86, 126.60
2026-09-07T15:05:33Z,NVIDIA GeForce RTX 4090 Laptop GPU, 14449, 90, 86, 129.57
2026-09-07T15:05:34Z,NVIDIA GeForce RTX 4090 Laptop GPU, 14449, 100, 87, 127.06
2026-09-07T15:05:36Z,NVIDIA GeForce RTX 4090 Laptop GPU, 14449, 87, 86, 124.25
2026-09-07T15:05:37Z,NVIDIA GeForce RTX 4090 Laptop GPU, 14449, 93, 86, 127.88
2026-09-07T15:05:38Z,NVIDIA GeForce RTX 4090 Laptop GPU, 14449, 100, 87, 126.19
2026-09-07T15:05:39Z,NVIDIA GeForce RTX 4090 Laptop GPU, 14449, 88, 86, 134.71
2026-09-07T15:05:40Z,NVIDIA GeForce RTX 4090 Laptop GPU, 14449, 94, 86, 137.37
2026-09-07T15:05:41Z,NVIDIA GeForce RTX 4090 Laptop GPU, 14449, 100, 88, 132.40
2026-09-07T15:05:42Z,NVIDIA GeForce RTX 4090 Laptop GPU, 14449, 74, 86, 131.92
2026-09-07T15:05:43Z,NVIDIA GeForce RTX 4090 Laptop GPU, 14449, 89, 86, 134.88
2026-09-07T15:05:44Z,NVIDIA GeForce RTX 4090 Laptop GPU, 14449, 100, 87, 127.53
2026-09-07T15:05:45Z,NVIDIA GeForce RTX 4090 Laptop GPU, 14449, 84, 86, 125.84
2026-09-07T15:05:46Z,NVIDIA GeForce RTX 4090 Laptop GPU, 14449, 88, 86, 132.87
2026-09-07T15:05:47Z,NVIDIA GeForce RTX 4090 Laptop GPU, 14449, 100, 87, 132.87
2026-09-07T15:05:48Z,NVIDIA GeForce RTX 4090 Laptop GPU, 14449, 87, 86, 131.25
2026-09-07T15:05:49Z,NVIDIA GeForce RTX 4090 Laptop GPU, 14449, 88, 86, 131.16
2026-09-07T15:05:50Z,NVIDIA GeForce RTX 4090 Laptop GPU, 14449, 100, 87, 126.14
2026-09-07T15:05:51Z,NVIDIA GeForce RTX 4090 Laptop GPU, 14449, 83, 86, 123.98
2026-09-07T15:05:51Z,NVIDIA GeForce RTX 4090 Laptop GPU, 14449, 90, 86, 127.87
2026-09-07T15:05:52Z,NVIDIA GeForce RTX 4090 Laptop GPU, 14449, 100, 86, 124.10
2026-09-07T15:05:53Z,NVIDIA GeForce RTX 4090 Laptop GPU, 14449, 85, 86, 125.63
2026-09-07T15:05:54Z,NVIDIA GeForce RTX 4090 Laptop GPU, 14449, 91, 86, 128.78
2026-09-07T15:05:55Z,NVIDIA GeForce RTX 4090 Laptop GPU, 14449, 100, 86, 121.72
2026-09-07T15:05:56Z,NVIDIA GeForce RTX 4090 Laptop GPU, 14449, 85, 86, 124.68
2026-09-07T15:05:57Z,NVIDIA GeForce RTX 4090 Laptop GPU, 14449, 83, 86, 131.48
2026-09-07T15:05:58Z,NVIDIA GeForce RTX 4090 Laptop GPU, 14449, 100, 86, 125.92
2026-09-07T15:05:59Z,NVIDIA GeForce RTX 4090 Laptop GPU, 14449, 83, 86, 127.02
2026-09-07T15:06:00Z,NVIDIA GeForce RTX 4090 Laptop GPU, 14449, 94, 86, 129.89
2026-09-07T15:06:01Z,NVIDIA GeForce RTX 4090 Laptop GPU, 14449, 100, 86, 123.92
2026-09-07T15:06:02Z,NVIDIA GeForce RTX 4090 Laptop GPU, 14449, 86, 86, 128.00
2026-09-07T15:06:03Z,NVIDIA GeForce RTX 4090 Laptop GPU, 14449, 91, 86, 129.05
2026-09-07T15:06:04Z,NVIDIA GeForce RTX 4090 Laptop GPU, 14449, 93, 86, 123.62
2026-09-07T15:06:05Z,NVIDIA GeForce RTX 4090 Laptop GPU, 14449, 89, 86, 128.58
2026-09-07T15:06:06Z,NVIDIA GeForce RTX 4090 Laptop GPU, 14449, 95, 86, 129.05
2026-09-07T15:06:07Z,NVIDIA GeForce RTX 4090 Laptop GPU, 14449, 94, 87, 125.62
2026-09-07T15:06:08Z,NVIDIA GeForce RTX 4090 Laptop GPU, 14449, 87, 86, 132.05
2026-09-07T15:06:10Z,NVIDIA GeForce RTX 4090 Laptop GPU, 14449, 90, 86, 132.43
2026-09-07T15:06:11Z,NVIDIA GeForce RTX 4090 Laptop GPU, 14449, 96, 86, 136.88
2026-09-07T15:06:12Z,NVIDIA GeForce RTX 4090 Laptop GPU, 14449, 96, 86, 136.06
2026-09-07T15:06:13Z,NVIDIA GeForce RTX 4090 Laptop GPU, 14449, 93, 86, 135.00
2026-09-07T15:06:14Z,NVIDIA GeForce RTX 4090 Laptop GPU, 14449, 89, 86, 123.68
2026-09-07T15:06:15Z,NVIDIA GeForce RTX 4090 Laptop GPU, 14449, 93, 86, 128.05
2026-09-07T15:06:16Z,NVIDIA GeForce RTX 4090 Laptop GPU, 14449, 84, 86, 128.17
2026-09-07T15:06:17Z,NVIDIA GeForce RTX 4090 Laptop GPU, 14449, 95, 88, 147.33
2026-09-07T15:06:18Z,NVIDIA GeForce RTX 4090 Laptop GPU, 14449, 98, 86, 136.05
2026-09-07T15:06:19Z,NVIDIA GeForce RTX 4090 Laptop GPU, 14449, 100, 87, 126.46
2026-09-07T15:06:20Z,NVIDIA GeForce RTX 4090 Laptop GPU, 14449, 86, 86, 128.97
2026-09-07T15:06:21Z,NVIDIA GeForce RTX 4090 Laptop GPU, 14449, 91, 86, 135.67
2026-09-07T15:06:20Z,NVIDIA GeForce RTX 4090 Laptop GPU, 14449, 100, 86, 127.79
2026-09-07T15:06:22Z,NVIDIA GeForce RTX 4090 Laptop GPU, 14449, 81, 86, 125.08
2026-09-07T15:06:23Z,NVIDIA GeForce RTX 4090 Laptop GPU, 14449, 98, 86, 129.62
2026-09-07T15:06:24Z,NVIDIA GeForce RTX 4090 Laptop GPU, 14449, 100, 86, 124.48
2026-09-07T15:06:25Z,NVIDIA GeForce RTX 4090 Laptop GPU, 14449, 82, 86, 128.79
2026-09-07T15:06:26Z,NVIDIA GeForce RTX 4090 Laptop GPU, 14449, 93, 86, 131.96
2026-09-07T15:06:27Z,NVIDIA GeForce RTX 4090 Laptop GPU, 14449, 100, 86, 122.54
2026-09-07T15:06:28Z,NVIDIA GeForce RTX 4090 Laptop GPU, 14449, 97, 86, 130.26
2026-09-07T15:06:29Z,NVIDIA GeForce RTX 4090 Laptop GPU, 14449, 99, 86, 131.78
2026-09-07T15:06:30Z,NVIDIA GeForce RTX 4090 Laptop GPU, 14449, 1, 84, 85.35
2026-09-07T15:06:31Z,NVIDIA GeForce RTX 4090 Laptop GPU, 14449, 1, 83, 58.39
2026-09-07T15:06:32Z,NVIDIA GeForce RTX 4090 Laptop GPU, 14449, 3, 81, 40.76
2026-09-07T15:06:33Z,NVIDIA GeForce RTX 4090 Laptop GPU, 14449, 9, 80, 25.83
2026-09-07T15:06:34Z,NVIDIA GeForce RTX 4090 Laptop GPU, 14449, 11, 80, 15.01
2026-09-07T15:06:35Z,NVIDIA GeForce RTX 4090 Laptop GPU, 14449, 12, 79, 13.60
2026-09-07T15:06:36Z,NVIDIA GeForce RTX 4090 Laptop GPU, 14449, 12, 79, 13.38
2026-09-07T15:06:37Z,NVIDIA GeForce RTX 4090 Laptop GPU, 14449, 100, 84, 95.39
2026-09-07T15:06:38Z,NVIDIA GeForce RTX 4090 Laptop GPU, 14449, 99, 85, 162.74
2026-09-07T15:06:40Z,NVIDIA GeForce RTX 4090 Laptop GPU, 14449, 99, 85, 159.02
2026-09-07T15:06:41Z,NVIDIA GeForce RTX 4090 Laptop GPU, 14449, 99, 86, 165.11
2026-09-07T15:06:42Z,NVIDIA GeForce RTX 4090 Laptop GPU, 14449, 100, 87, 147.69
2026-09-07T15:06:43Z,NVIDIA GeForce RTX 4090 Laptop GPU, 14449, 99, 86, 146.89
2026-09-07T15:06:44Z,NVIDIA GeForce RTX 4090 Laptop GPU, 14449, 99, 86, 162.46
2026-09-07T15:06:45Z,NVIDIA GeForce RTX 4090 Laptop GPU, 14449, 100, 86, 160.19
2026-09-07T15:06:46Z,NVIDIA GeForce RTX 4090 Laptop GPU, 14449, 100, 87, 128.29
2026-09-07T15:06:47Z,NVIDIA GeForce RTX 4090 Laptop GPU, 14449, 99, 86, 139.72
2026-09-07T15:06:48Z,NVIDIA GeForce RTX 4090 Laptop GPU, 14449, 99, 86, 150.13
2026-09-07T15:06:49Z,NVIDIA GeForce RTX 4090 Laptop GPU, 14449, 100, 86, 149.20
2026-09-07T15:06:50Z,NVIDIA GeForce RTX 4090 Laptop GPU, 14449, 100, 86, 115.55
2026-09-07T15:06:51Z,NVIDIA GeForce RTX 4090 Laptop GPU, 14449, 93, 86, 141.59
2026-09-07T15:06:52Z,NVIDIA GeForce RTX 4090 Laptop GPU, 14449, 99, 86, 146.18
2026-09-07T15:06:51Z,NVIDIA GeForce RTX 4090 Laptop GPU, 14449, 100, 86, 140.60
2026-09-07T15:06:52Z,NVIDIA GeForce RTX 4090 Laptop GPU, 14449, 100, 86, 111.75
2026-09-07T15:06:54Z,NVIDIA GeForce RTX 4090 Laptop GPU, 14449, 99, 86, 136.77
2026-09-07T15:06:55Z,NVIDIA GeForce RTX 4090 Laptop GPU, 14449, 92, 86, 137.79
2026-09-07T15:06:56Z,NVIDIA GeForce RTX 4090 Laptop GPU, 14449, 99, 86, 136.97
2026-09-07T15:06:57Z,NVIDIA GeForce RTX 4090 Laptop GPU, 14449, 100, 86, 111.78
2026-09-07T15:06:58Z,NVIDIA GeForce RTX 4090 Laptop GPU, 14449, 99, 86, 132.55
2026-09-07T15:06:59Z,NVIDIA GeForce RTX 4090 Laptop GPU, 14449, 99, 86, 141.75
2026-09-07T15:07:00Z,NVIDIA GeForce RTX 4090 Laptop GPU, 14449, 100, 86, 134.88
2026-09-07T15:07:01Z,NVIDIA GeForce RTX 4090 Laptop GPU, 14449, 100, 86, 110.62
2026-09-07T15:07:02Z,NVIDIA GeForce RTX 4090 Laptop GPU, 14449, 99, 86, 134.14
2026-09-07T15:07:03Z,NVIDIA GeForce RTX 4090 Laptop GPU, 14449, 95, 86, 139.23
2026-09-07T15:07:04Z,NVIDIA GeForce RTX 4090 Laptop GPU, 14449, 86, 86, 131.36
2026-09-07T15:07:05Z,NVIDIA GeForce RTX 4090 Laptop GPU, 14449, 100, 86, 120.28
2026-09-07T15:07:06Z,NVIDIA GeForce RTX 4090 Laptop GPU, 14449, 99, 86, 115.86
2026-09-07T15:07:07Z,NVIDIA GeForce RTX 4090 Laptop GPU, 14449, 99, 86, 135.41
2026-09-07T15:07:08Z,NVIDIA GeForce RTX 4090 Laptop GPU, 14449, 99, 86, 136.36
2026-09-07T15:07:09Z,NVIDIA GeForce RTX 4090 Laptop GPU, 14449, 100, 86, 125.80
2026-09-07T15:07:10Z,NVIDIA GeForce RTX 4090 Laptop GPU, 14449, 100, 86, 107.65
2026-09-07T15:07:11Z,NVIDIA GeForce RTX 4090 Laptop GPU, 14449, 99, 86, 129.20
2026-09-07T15:07:12Z,NVIDIA GeForce RTX 4090 Laptop GPU, 14449, 87, 86, 127.85
2026-09-07T15:07:13Z,NVIDIA GeForce RTX 4090 Laptop GPU, 14449, 99, 86, 136.19
2026-09-07T15:07:14Z,NVIDIA GeForce RTX 4090 Laptop GPU, 14449, 7, 83, 70.31
2026-09-07T15:07:16Z,NVIDIA GeForce RTX 4090 Laptop GPU, 14449, 13, 82, 55.18
2026-09-07T15:07:17Z,NVIDIA GeForce RTX 4090 Laptop GPU, 14449, 18, 80, 30.23
2026-09-07T15:07:18Z,NVIDIA GeForce RTX 4090 Laptop GPU, 14449, 20, 80, 24.51
2026-09-07T15:07:19Z,NVIDIA GeForce RTX 4090 Laptop GPU, 14449, 24, 79, 24.09
2026-09-07T15:07:20Z,NVIDIA GeForce RTX 4090 Laptop GPU, 14449, 31, 79, 18.77
2026-09-07T15:07:21Z,NVIDIA GeForce RTX 4090 Laptop GPU, 14449, 86, 78, 15.64
2026-09-07T15:07:22Z,NVIDIA GeForce RTX 4090 Laptop GPU, 14449, 93, 85, 143.76
2026-09-07T15:07:23Z,NVIDIA GeForce RTX 4090 Laptop GPU, 14449, 96, 86, 165.21
2026-09-07T15:07:22Z,NVIDIA GeForce RTX 4090 Laptop GPU, 14449, 99, 86, 164.32
2026-09-07T15:07:23Z,NVIDIA GeForce RTX 4090 Laptop GPU, 14449, 93, 86, 163.77
2026-09-07T15:07:24Z,NVIDIA GeForce RTX 4090 Laptop GPU, 14449, 89, 86, 159.66
2026-09-07T15:07:25Z,NVIDIA GeForce RTX 4090 Laptop GPU, 14449, 86, 84, 134.33
2026-09-07T15:07:26Z,NVIDIA GeForce RTX 4090 Laptop GPU, 14449, 85, 86, 143.56
2026-09-07T15:07:27Z,NVIDIA GeForce RTX 4090 Laptop GPU, 14449, 83, 86, 146.31
2026-09-07T15:07:28Z,NVIDIA GeForce RTX 4090 Laptop GPU, 14449, 90, 86, 146.83
2026-09-07T15:07:29Z,NVIDIA GeForce RTX 4090 Laptop GPU, 14449, 96, 86, 149.55
2026-09-07T15:07:31Z,NVIDIA GeForce RTX 4090 Laptop GPU, 14449, 88, 88, 146.83
2026-09-07T15:07:32Z,NVIDIA GeForce RTX 4090 Laptop GPU, 14449, 90, 86, 147.17
2026-09-07T15:07:33Z,NVIDIA GeForce RTX 4090 Laptop GPU, 14449, 92, 86, 142.57
2026-09-07T15:07:34Z,NVIDIA GeForce RTX 4090 Laptop GPU, 14449, 90, 86, 136.53
2026-09-07T15:07:35Z,NVIDIA GeForce RTX 4090 Laptop GPU, 14449, 83, 86, 136.41
2026-09-07T15:07:36Z,NVIDIA GeForce RTX 4090 Laptop GPU, 14449, 90, 86, 138.64
2026-09-07T15:07:37Z,NVIDIA GeForce RTX 4090 Laptop GPU, 14449, 90, 86, 136.85
2026-09-07T15:07:38Z,NVIDIA GeForce RTX 4090 Laptop GPU, 14449, 83, 86, 134.73
2026-09-07T15:07:39Z,NVIDIA GeForce RTX 4090 Laptop GPU, 14449, 80, 86, 135.97
2026-09-07T15:07:40Z,NVIDIA GeForce RTX 4090 Laptop GPU, 14449, 81, 87, 142.00
2026-09-07T15:07:41Z,NVIDIA GeForce RTX 4090 Laptop GPU, 14449, 86, 86, 128.37
2026-09-07T15:07:42Z,NVIDIA GeForce RTX 4090 Laptop GPU, 14449, 86, 86, 128.65
2026-09-07T15:07:43Z,NVIDIA GeForce RTX 4090 Laptop GPU, 14449, 89, 86, 128.76
2026-09-07T15:07:44Z,NVIDIA GeForce RTX 4090 Laptop GPU, 14449, 90, 86, 129.58
2026-09-07T15:07:45Z,NVIDIA GeForce RTX 4090 Laptop GPU, 14449, 88, 86, 129.97
2026-09-07T15:07:46Z,NVIDIA GeForce RTX 4090 Laptop GPU, 14449, 89, 86, 131.79
2026-09-07T15:07:48Z,NVIDIA GeForce RTX 4090 Laptop GPU, 14449, 84, 86, 134.73
2026-09-07T15:07:49Z,NVIDIA GeForce RTX 4090 Laptop GPU, 14449, 85, 86, 133.77
2026-09-07T15:07:50Z,NVIDIA GeForce RTX 4090 Laptop GPU, 14449, 88, 86, 130.07
2026-09-07T15:07:51Z,NVIDIA GeForce RTX 4090 Laptop GPU, 14449, 80, 86, 131.22
2026-09-07T15:07:52Z,NVIDIA GeForce RTX 4090 Laptop GPU, 14449, 93, 86, 132.73
2026-09-07T15:07:53Z,NVIDIA GeForce RTX 4090 Laptop GPU, 14449, 90, 86, 130.15
2026-09-07T15:07:54Z,NVIDIA GeForce RTX 4090 Laptop GPU, 14449, 89, 86, 131.59
2026-09-07T15:07:53Z,NVIDIA GeForce RTX 4090 Laptop GPU, 14449, 99, 86, 129.18
2026-09-07T15:07:54Z,NVIDIA GeForce RTX 4090 Laptop GPU, 14449, 85, 86, 120.52
2026-09-07T15:07:55Z,NVIDIA GeForce RTX 4090 Laptop GPU, 14449, 87, 86, 124.22
2026-09-07T15:07:56Z,NVIDIA GeForce RTX 4090 Laptop GPU, 14449, 89, 86, 121.91
2026-09-07T15:07:57Z,NVIDIA GeForce RTX 4090 Laptop GPU, 14449, 86, 86, 122.83
2026-09-07T15:07:58Z,NVIDIA GeForce RTX 4090 Laptop GPU, 14449, 92, 86, 128.68
2026-09-07T15:07:59Z,NVIDIA GeForce RTX 4090 Laptop GPU, 14449, 80, 86, 126.96
2026-09-07T15:08:01Z,NVIDIA GeForce RTX 4090 Laptop GPU, 14449, 78, 86, 127.27
2026-09-07T15:08:02Z,NVIDIA GeForce RTX 4090 Laptop GPU, 14449, 87, 86, 126.07
2026-09-07T15:08:03Z,NVIDIA GeForce RTX 4090 Laptop GPU, 14449, 85, 86, 126.04
2026-09-07T15:08:04Z,NVIDIA GeForce RTX 4090 Laptop GPU, 14449, 88, 86, 127.45
2026-09-07T15:08:05Z,NVIDIA GeForce RTX 4090 Laptop GPU, 14449, 81, 86, 128.33
2026-09-07T15:08:06Z,NVIDIA GeForce RTX 4090 Laptop GPU, 14449, 87, 86, 129.33
2026-09-07T15:08:07Z,NVIDIA GeForce RTX 4090 Laptop GPU, 14449, 85, 86, 128.36
2026-09-07T15:08:08Z,NVIDIA GeForce RTX 4090 Laptop GPU, 14449, 90, 86, 128.85
2026-09-07T15:08:09Z,NVIDIA GeForce RTX 4090 Laptop GPU, 14449, 99, 87, 131.39
2026-09-07T15:08:10Z,NVIDIA GeForce RTX 4090 Laptop GPU, 14449, 87, 86, 133.91
2026-09-07T15:08:11Z,NVIDIA GeForce RTX 4090 Laptop GPU, 14449, 91, 86, 128.34
2026-09-07T15:08:12Z,NVIDIA GeForce RTX 4090 Laptop GPU, 14449, 93, 87, 139.20
2026-09-07T15:08:13Z,NVIDIA GeForce RTX 4090 Laptop GPU, 14449, 87, 86, 125.63
2026-09-07T15:08:14Z,NVIDIA GeForce RTX 4090 Laptop GPU, 14449, 85, 86, 120.97
2026-09-07T15:08:15Z,NVIDIA GeForce RTX 4090 Laptop GPU, 14449, 63, 86, 119.74
2026-09-07T15:08:16Z,NVIDIA GeForce RTX 4090 Laptop GPU, 14449, 79, 86, 125.38
2026-09-07T15:08:18Z,NVIDIA GeForce RTX 4090 Laptop GPU, 14449, 80, 86, 126.30
2026-09-07T15:08:19Z,NVIDIA GeForce RTX 4090 Laptop GPU, 14449, 83, 87, 133.82
2026-09-07T15:08:20Z,NVIDIA GeForce RTX 4090 Laptop GPU, 14449, 88, 86, 129.82
2026-09-07T15:08:21Z,NVIDIA GeForce RTX 4090 Laptop GPU, 14449, 88, 86, 123.86
2026-09-07T15:08:22Z,NVIDIA GeForce RTX 4090 Laptop GPU, 14449, 92, 86, 124.52
2026-09-07T15:08:23Z,NVIDIA GeForce RTX 4090 Laptop GPU, 14449, 82, 86, 123.93
2026-09-07T15:08:24Z,NVIDIA GeForce RTX 4090 Laptop GPU, 14449, 72, 86, 124.36
2026-09-07T15:08:23Z,NVIDIA GeForce RTX 4090 Laptop GPU, 14449, 90, 85, 120.41
2026-09-07T15:08:24Z,NVIDIA GeForce RTX 4090 Laptop GPU, 14449, 87, 85, 109.31
2026-09-07T15:08:25Z,NVIDIA GeForce RTX 4090 Laptop GPU, 14449, 87, 86, 121.26
2026-09-07T15:08:26Z,NVIDIA GeForce RTX 4090 Laptop GPU, 14449, 99, 86, 123.72
2026-09-07T15:08:27Z,NVIDIA GeForce RTX 4090 Laptop GPU, 14449, 78, 86, 125.46
2026-09-07T15:08:28Z,NVIDIA GeForce RTX 4090 Laptop GPU, 14449, 81, 86, 124.55
2026-09-07T15:08:30Z,NVIDIA GeForce RTX 4090 Laptop GPU, 14449, 80, 86, 124.99
2026-09-07T15:08:31Z,NVIDIA GeForce RTX 4090 Laptop GPU, 14449, 73, 85, 127.24
2026-09-07T15:08:32Z,NVIDIA GeForce RTX 4090 Laptop GPU, 14449, 85, 86, 127.69
2026-09-07T15:08:33Z,NVIDIA GeForce RTX 4090 Laptop GPU, 14449, 83, 86, 126.96
2026-09-07T15:08:34Z,NVIDIA GeForce RTX 4090 Laptop GPU, 14449, 80, 86, 124.57
2026-09-07T15:08:35Z,NVIDIA GeForce RTX 4090 Laptop GPU, 14449, 82, 86, 128.68
2026-09-07T15:08:36Z,NVIDIA GeForce RTX 4090 Laptop GPU, 14449, 99, 86, 128.64
2026-09-07T15:08:37Z,NVIDIA GeForce RTX 4090 Laptop GPU, 14449, 80, 86, 127.79
2026-09-07T15:08:38Z,NVIDIA GeForce RTX 4090 Laptop GPU, 14449, 89, 86, 130.27
2026-09-07T15:08:39Z,NVIDIA GeForce RTX 4090 Laptop GPU, 14448, 99, 87, 131.11
2026-09-07T15:08:40Z,NVIDIA GeForce RTX 4090 Laptop GPU, 14448, 90, 86, 133.76
2026-09-07T15:08:41Z,NVIDIA GeForce RTX 4090 Laptop GPU, 14448, 90, 86, 128.55
2026-09-07T15:08:42Z,NVIDIA GeForce RTX 4090 Laptop GPU, 14448, 96, 87, 132.79
2026-09-07T15:08:43Z,NVIDIA GeForce RTX 4090 Laptop GPU, 14448, 75, 86, 133.91
2026-09-07T15:08:44Z,NVIDIA GeForce RTX 4090 Laptop GPU, 14448, 89, 86, 124.87
2026-09-07T15:08:45Z,NVIDIA GeForce RTX 4090 Laptop GPU, 14448, 99, 86, 125.94
2026-09-07T15:08:47Z,NVIDIA GeForce RTX 4090 Laptop GPU, 14448, 85, 86, 127.14
2026-09-07T15:08:48Z,NVIDIA GeForce RTX 4090 Laptop GPU, 14448, 89, 86, 129.31
2026-09-07T15:08:49Z,NVIDIA GeForce RTX 4090 Laptop GPU, 14448, 90, 86, 126.34
2026-09-07T15:08:50Z,NVIDIA GeForce RTX 4090 Laptop GPU, 14448, 87, 86, 126.80
2026-09-07T15:08:51Z,NVIDIA GeForce RTX 4090 Laptop GPU, 14448, 78, 86, 126.93
2026-09-07T15:08:52Z,NVIDIA GeForce RTX 4090 Laptop GPU, 14448, 93, 86, 127.20
2026-09-07T15:08:53Z,NVIDIA GeForce RTX 4090 Laptop GPU, 14448, 84, 86, 126.00
2026-09-07T15:08:54Z,NVIDIA GeForce RTX 4090 Laptop GPU, 14448, 89, 86, 126.86
2026-09-07T15:08:55Z,NVIDIA GeForce RTX 4090 Laptop GPU, 14448, 89, 86, 126.43
2026-09-07T15:08:54Z,NVIDIA GeForce RTX 4090 Laptop GPU, 14448, 91, 86, 126.93
2026-09-07T15:08:55Z,NVIDIA GeForce RTX 4090 Laptop GPU, 14448, 78, 86, 126.82
2026-09-07T15:08:56Z,NVIDIA GeForce RTX 4090 Laptop GPU, 14448, 86, 87, 136.21
2026-09-07T15:08:57Z,NVIDIA GeForce RTX 4090 Laptop GPU, 14445, 91, 86, 124.92
2026-09-07T15:08:58Z,NVIDIA GeForce RTX 4090 Laptop GPU, 14445, 94, 86, 122.55
2026-09-07T15:08:59Z,NVIDIA GeForce RTX 4090 Laptop GPU, 14445, 89, 86, 132.61
2026-09-07T15:09:01Z,NVIDIA GeForce RTX 4090 Laptop GPU, 14445, 89, 86, 130.90
2026-09-07T15:09:02Z,NVIDIA GeForce RTX 4090 Laptop GPU, 14445, 99, 88, 129.46
2026-09-07T15:09:03Z,NVIDIA GeForce RTX 4090 Laptop GPU, 14445, 82, 86, 123.39
2026-09-07T15:09:04Z,NVIDIA GeForce RTX 4090 Laptop GPU, 14445, 90, 86, 125.60
2026-09-07T15:09:05Z,NVIDIA GeForce RTX 4090 Laptop GPU, 14450, 7, 84, 107.33
2026-09-07T15:09:06Z,NVIDIA GeForce RTX 4090 Laptop GPU, 14450, 7, 83, 59.41
2026-09-07T15:09:07Z,NVIDIA GeForce RTX 4090 Laptop GPU, 14450, 15, 82, 49.91
2026-09-07T15:09:08Z,NVIDIA GeForce RTX 4090 Laptop GPU, 14450, 17, 81, 28.00
2026-09-07T15:09:09Z,NVIDIA GeForce RTX 4090 Laptop GPU, 14445, 19, 80, 27.35
2026-09-07T15:09:10Z,NVIDIA GeForce RTX 4090 Laptop GPU, 14450, 12, 80, 26.43
2026-09-07T15:09:11Z,NVIDIA GeForce RTX 4090 Laptop GPU, 14450, 14, 79, 24.25
2026-09-07T15:09:12Z,NVIDIA GeForce RTX 4090 Laptop GPU, 14450, 19, 79, 21.61
2026-09-07T15:09:13Z,NVIDIA GeForce RTX 4090 Laptop GPU, 14450, 99, 84, 101.13
2026-09-07T15:09:14Z,NVIDIA GeForce RTX 4090 Laptop GPU, 14450, 96, 85, 150.59
2026-09-07T15:09:15Z,NVIDIA GeForce RTX 4090 Laptop GPU, 14445, 93, 85, 151.90
2026-09-07T15:09:16Z,NVIDIA GeForce RTX 4090 Laptop GPU, 14458, 98, 88, 153.16
2026-09-07T15:09:17Z,NVIDIA GeForce RTX 4090 Laptop GPU, 14458, 88, 85, 148.69
2026-09-07T15:09:18Z,NVIDIA GeForce RTX 4090 Laptop GPU, 14458, 92, 86, 149.58
2026-09-07T15:09:19Z,NVIDIA GeForce RTX 4090 Laptop GPU, 14458, 99, 86, 124.73
2026-09-07T15:09:20Z,NVIDIA GeForce RTX 4090 Laptop GPU, 14458, 89, 86, 142.38
2026-09-07T15:09:21Z,NVIDIA GeForce RTX 4090 Laptop GPU, 14445, 91, 86, 148.03
2026-09-07T15:09:23Z,NVIDIA GeForce RTX 4090 Laptop GPU, 14445, 99, 88, 151.40
2026-09-07T15:09:24Z,NVIDIA GeForce RTX 4090 Laptop GPU, 14445, 90, 86, 138.91
2026-09-07T15:09:25Z,NVIDIA GeForce RTX 4090 Laptop GPU, 14445, 94, 86, 139.79
2026-09-07T15:09:26Z,NVIDIA GeForce RTX 4090 Laptop GPU, 14445, 100, 86, 131.73
2026-09-07T15:09:25Z,NVIDIA GeForce RTX 4090 Laptop GPU, 14458, 88, 86, 137.40
2026-09-07T15:09:26Z,NVIDIA GeForce RTX 4090 Laptop GPU, 14458, 87, 86, 141.46
2026-09-07T15:09:27Z,NVIDIA GeForce RTX 4090 Laptop GPU, 14458, 91, 86, 139.45
2026-09-07T15:09:28Z,NVIDIA GeForce RTX 4090 Laptop GPU, 14458, 88, 86, 132.83
2026-09-07T15:09:29Z,NVIDIA GeForce RTX 4090 Laptop GPU, 14458, 87, 86, 138.79
2026-09-07T15:09:30Z,NVIDIA GeForce RTX 4090 Laptop GPU, 14458, 86, 86, 139.60
2026-09-07T15:09:31Z,NVIDIA GeForce RTX 4090 Laptop GPU, 14458, 84, 85, 122.50
2026-09-07T15:09:32Z,NVIDIA GeForce RTX 4090 Laptop GPU, 14458, 86, 86, 129.97
2026-09-07T15:09:33Z,NVIDIA GeForce RTX 4090 Laptop GPU, 14445, 92, 86, 133.07
2026-09-07T15:09:35Z,NVIDIA GeForce RTX 4090 Laptop GPU, 14445, 90, 87, 127.67
2026-09-07T15:09:36Z,NVIDIA GeForce RTX 4090 Laptop GPU, 14445, 85, 86, 129.81
2026-09-07T15:09:37Z,NVIDIA GeForce RTX 4090 Laptop GPU, 14445, 90, 86, 130.76
2026-09-07T15:09:38Z,NVIDIA GeForce RTX 4090 Laptop GPU, 14458, 100, 86, 124.54
2026-09-07T15:09:39Z,NVIDIA GeForce RTX 4090 Laptop GPU, 14459, 84, 85, 122.39
2026-09-07T15:09:40Z,NVIDIA GeForce RTX 4090 Laptop GPU, 14459, 83, 86, 129.08
2026-09-07T15:09:41Z,NVIDIA GeForce RTX 4090 Laptop GPU, 14459, 89, 86, 129.83
2026-09-07T15:09:42Z,NVIDIA GeForce RTX 4090 Laptop GPU, 14459, 7, 84, 76.53
2026-09-07T15:09:43Z,NVIDIA GeForce RTX 4090 Laptop GPU, 14459, 7, 83, 58.88
2026-09-07T15:09:44Z,NVIDIA GeForce RTX 4090 Laptop GPU, 14459, 19, 81, 35.28
2026-09-07T15:09:45Z,NVIDIA GeForce RTX 4090 Laptop GPU, 14459, 32, 80, 25.08
2026-09-07T15:09:46Z,NVIDIA GeForce RTX 4090 Laptop GPU, 14446, 34, 80, 24.33
2026-09-07T15:09:47Z,NVIDIA GeForce RTX 4090 Laptop GPU, 14446, 29, 79, 22.41
2026-09-07T15:09:48Z,NVIDIA GeForce RTX 4090 Laptop GPU, 14446, 22, 79, 19.13
2026-09-07T15:09:49Z,NVIDIA GeForce RTX 4090 Laptop GPU, 14446, 100, 78, 42.83
2026-09-07T15:09:50Z,NVIDIA GeForce RTX 4090 Laptop GPU, 14446, 99, 84, 131.09
2026-09-07T15:09:52Z,NVIDIA GeForce RTX 4090 Laptop GPU, 14446, 87, 85, 157.23
2026-09-07T15:09:53Z,NVIDIA GeForce RTX 4090 Laptop GPU, 14446, 90, 85, 157.42
2026-09-07T15:09:54Z,NVIDIA GeForce RTX 4090 Laptop GPU, 14446, 77, 86, 161.82
2026-09-07T15:09:55Z,NVIDIA GeForce RTX 4090 Laptop GPU, 14446, 88, 86, 156.66
2026-09-07T15:09:56Z,NVIDIA GeForce RTX 4090 Laptop GPU, 14446, 82, 86, 158.98
2026-09-07T15:09:55Z,NVIDIA GeForce RTX 4090 Laptop GPU, 14446, 88, 87, 155.73
2026-09-07T15:09:56Z,NVIDIA GeForce RTX 4090 Laptop GPU, 14446, 86, 86, 148.91
2026-09-07T15:09:57Z,NVIDIA GeForce RTX 4090 Laptop GPU, 14446, 92, 86, 150.09
2026-09-07T15:09:58Z,NVIDIA GeForce RTX 4090 Laptop GPU, 14446, 98, 86, 139.04
2026-09-07T15:09:59Z,NVIDIA GeForce RTX 4090 Laptop GPU, 14446, 93, 86, 142.65
2026-09-07T15:10:00Z,NVIDIA GeForce RTX 4090 Laptop GPU, 14446, 92, 86, 141.14
2026-09-07T15:10:01Z,NVIDIA GeForce RTX 4090 Laptop GPU, 14446, 92, 86, 131.79
2026-09-07T15:10:02Z,NVIDIA GeForce RTX 4090 Laptop GPU, 14446, 92, 86, 137.55
2026-09-07T15:10:03Z,NVIDIA GeForce RTX 4090 Laptop GPU, 14446, 96, 86, 139.50
2026-09-07T15:10:04Z,NVIDIA GeForce RTX 4090 Laptop GPU, 14446, 98, 86, 128.57
2026-09-07T15:10:05Z,NVIDIA GeForce RTX 4090 Laptop GPU, 14446, 94, 86, 129.52
2026-09-07T15:10:07Z,NVIDIA GeForce RTX 4090 Laptop GPU, 14446, 94, 85, 132.49
2026-09-07T15:10:08Z,NVIDIA GeForce RTX 4090 Laptop GPU, 14446, 99, 86, 126.07
2026-09-07T15:10:09Z,NVIDIA GeForce RTX 4090 Laptop GPU, 14446, 93, 86, 131.01
2026-09-07T15:10:10Z,NVIDIA GeForce RTX 4090 Laptop GPU, 14446, 98, 86, 131.67
2026-09-07T15:10:11Z,NVIDIA GeForce RTX 4090 Laptop GPU, 14446, 99, 86, 121.69
2026-09-07T15:10:12Z,NVIDIA GeForce RTX 4090 Laptop GPU, 14446, 85, 86, 125.81
2026-09-07T15:10:13Z,NVIDIA GeForce RTX 4090 Laptop GPU, 14459, 91, 86, 128.80
2026-09-07T15:10:14Z,NVIDIA GeForce RTX 4090 Laptop GPU, 14459, 91, 86, 127.62
2026-09-07T15:10:15Z,NVIDIA GeForce RTX 4090 Laptop GPU, 14459, 84, 86, 124.11
2026-09-07T15:10:16Z,NVIDIA GeForce RTX 4090 Laptop GPU, 14459, 90, 86, 129.91
2026-09-07T15:10:17Z,NVIDIA GeForce RTX 4090 Laptop GPU, 14446, 95, 86, 131.17
2026-09-07T15:10:18Z,NVIDIA GeForce RTX 4090 Laptop GPU, 14446, 91, 86, 122.74
2026-09-07T15:10:19Z,NVIDIA GeForce RTX 4090 Laptop GPU, 14446, 92, 86, 127.20
2026-09-07T15:10:20Z,NVIDIA GeForce RTX 4090 Laptop GPU, 14446, 88, 86, 126.94
2026-09-07T15:10:21Z,NVIDIA GeForce RTX 4090 Laptop GPU, 14446, 92, 87, 131.33
2026-09-07T15:10:22Z,NVIDIA GeForce RTX 4090 Laptop GPU, 14446, 80, 86, 131.53
2026-09-07T15:10:23Z,NVIDIA GeForce RTX 4090 Laptop GPU, 14446, 95, 86, 130.97
2026-09-07T15:10:24Z,NVIDIA GeForce RTX 4090 Laptop GPU, 14446, 100, 87, 122.53
2026-09-07T15:10:25Z,NVIDIA GeForce RTX 4090 Laptop GPU, 14446, 90, 86, 125.22
2026-09-07T15:10:27Z,NVIDIA GeForce RTX 4090 Laptop GPU, 14446, 88, 86, 128.91
2026-09-07T15:10:26Z,NVIDIA GeForce RTX 4090 Laptop GPU, 14446, 89, 87, 124.12
2026-09-07T15:10:27Z,NVIDIA GeForce RTX 4090 Laptop GPU, 14446, 62, 86, 116.94
2026-09-07T15:10:28Z,NVIDIA GeForce RTX 4090 Laptop GPU, 14446, 92, 86, 124.44
2026-09-07T15:10:29Z,NVIDIA GeForce RTX 4090 Laptop GPU, 14446, 86, 86, 124.59
2026-09-07T15:10:30Z,NVIDIA GeForce RTX 4090 Laptop GPU, 14446, 96, 86, 126.21
2026-09-07T15:10:31Z,NVIDIA GeForce RTX 4090 Laptop GPU, 14446, 93, 86, 133.44
2026-09-07T15:10:32Z,NVIDIA GeForce RTX 4090 Laptop GPU, 14446, 95, 86, 135.01
2026-09-07T15:10:33Z,NVIDIA GeForce RTX 4090 Laptop GPU, 14446, 68, 87, 131.45
2026-09-07T15:10:34Z,NVIDIA GeForce RTX 4090 Laptop GPU, 14446, 80, 86, 127.39
2026-09-07T15:10:35Z,NVIDIA GeForce RTX 4090 Laptop GPU, 14446, 92, 86, 130.04
2026-09-07T15:10:36Z,NVIDIA GeForce RTX 4090 Laptop GPU, 14446, 99, 87, 122.63
2026-09-07T15:10:37Z,NVIDIA GeForce RTX 4090 Laptop GPU, 14446, 85, 86, 121.51
2026-09-07T15:10:38Z,NVIDIA GeForce RTX 4090 Laptop GPU, 14446, 94, 86, 127.18
2026-09-07T15:10:40Z,NVIDIA GeForce RTX 4090 Laptop GPU, 14446, 100, 86, 123.97
2026-09-07T15:10:41Z,NVIDIA GeForce RTX 4090 Laptop GPU, 14446, 90, 86, 122.05
2026-09-07T15:10:42Z,NVIDIA GeForce RTX 4090 Laptop GPU, 14446, 96, 86, 123.83
2026-09-07T15:10:43Z,NVIDIA GeForce RTX 4090 Laptop GPU, 14446, 87, 86, 123.83
2026-09-07T15:10:44Z,NVIDIA GeForce RTX 4090 Laptop GPU, 14446, 86, 86, 130.71
2026-09-07T15:10:45Z,NVIDIA GeForce RTX 4090 Laptop GPU, 14446, 84, 86, 132.57
2026-09-07T15:10:46Z,NVIDIA GeForce RTX 4090 Laptop GPU, 14446, 79, 86, 126.99
2026-09-07T15:10:47Z,NVIDIA GeForce RTX 4090 Laptop GPU, 14446, 99, 86, 119.62
2026-09-07T15:10:48Z,NVIDIA GeForce RTX 4090 Laptop GPU, 14446, 91, 85, 118.56
2026-09-07T15:10:49Z,NVIDIA GeForce RTX 4090 Laptop GPU, 14446, 86, 85, 118.56
2026-09-07T15:10:50Z,NVIDIA GeForce RTX 4090 Laptop GPU, 14446, 100, 87, 118.67
2026-09-07T15:10:51Z,NVIDIA GeForce RTX 4090 Laptop GPU, 14446, 88, 86, 122.08
2026-09-07T15:10:52Z,NVIDIA GeForce RTX 4090 Laptop GPU, 14446, 92, 86, 124.61
2026-09-07T15:10:53Z,NVIDIA GeForce RTX 4090 Laptop GPU, 14446, 90, 86, 121.87
2026-09-07T15:10:54Z,NVIDIA GeForce RTX 4090 Laptop GPU, 14446, 90, 86, 114.62
2026-09-07T15:10:55Z,NVIDIA GeForce RTX 4090 Laptop GPU, 14446, 91, 86, 123.69
2026-09-07T15:10:56Z,NVIDIA GeForce RTX 4090 Laptop GPU, 14446, 94, 86, 123.74
2026-09-07T15:10:57Z,NVIDIA GeForce RTX 4090 Laptop GPU, 14446, 93, 86, 119.49
2026-09-07T15:10:57Z,NVIDIA GeForce RTX 4090 Laptop GPU, 14446, 91, 86, 120.82
2026-09-07T15:10:58Z,NVIDIA GeForce RTX 4090 Laptop GPU, 14446, 89, 86, 125.80
2026-09-07T15:10:59Z,NVIDIA GeForce RTX 4090 Laptop GPU, 14446, 96, 86, 119.45
2026-09-07T15:11:00Z,NVIDIA GeForce RTX 4090 Laptop GPU, 14446, 87, 86, 126.03
2026-09-07T15:11:01Z,NVIDIA GeForce RTX 4090 Laptop GPU, 14446, 95, 86, 126.82
2026-09-07T15:11:02Z,NVIDIA GeForce RTX 4090 Laptop GPU, 14446, 99, 87, 120.60
2026-09-07T15:11:03Z,NVIDIA GeForce RTX 4090 Laptop GPU, 14446, 88, 86, 125.66
2026-09-07T15:11:04Z,NVIDIA GeForce RTX 4090 Laptop GPU, 14459, 90, 86, 126.66
2026-09-07T15:11:05Z,NVIDIA GeForce RTX 4090 Laptop GPU, 14459, 96, 86, 120.62
2026-09-07T15:11:06Z,NVIDIA GeForce RTX 4090 Laptop GPU, 14459, 90, 86, 123.68
2026-09-07T15:11:07Z,NVIDIA GeForce RTX 4090 Laptop GPU, 14459, 96, 86, 131.63
2026-09-07T15:11:08Z,NVIDIA GeForce RTX 4090 Laptop GPU, 14450, 86, 86, 129.68
2026-09-07T15:11:10Z,NVIDIA GeForce RTX 4090 Laptop GPU, 14446, 92, 86, 122.45
2026-09-07T15:11:11Z,NVIDIA GeForce RTX 4090 Laptop GPU, 14446, 97, 86, 127.31
2026-09-07T15:11:12Z,NVIDIA GeForce RTX 4090 Laptop GPU, 14446, 92, 86, 127.69
2026-09-07T15:11:13Z,NVIDIA GeForce RTX 4090 Laptop GPU, 14446, 99, 86, 120.14
2026-09-07T15:11:14Z,NVIDIA GeForce RTX 4090 Laptop GPU, 14446, 76, 86, 120.32
2026-09-07T15:11:15Z,NVIDIA GeForce RTX 4090 Laptop GPU, 14446, 98, 86, 126.95
2026-09-07T15:11:16Z,NVIDIA GeForce RTX 4090 Laptop GPU, 14446, 99, 87, 120.33
2026-09-07T15:11:17Z,NVIDIA GeForce RTX 4090 Laptop GPU, 14446, 92, 86, 124.81
2026-09-07T15:11:18Z,NVIDIA GeForce RTX 4090 Laptop GPU, 14446, 94, 86, 128.95
2026-09-07T15:11:19Z,NVIDIA GeForce RTX 4090 Laptop GPU, 14446, 100, 87, 120.97
2026-09-07T15:11:20Z,NVIDIA GeForce RTX 4090 Laptop GPU, 14446, 72, 86, 118.12
2026-09-07T15:11:21Z,NVIDIA GeForce RTX 4090 Laptop GPU, 14446, 89, 86, 126.66
2026-09-07T15:11:22Z,NVIDIA GeForce RTX 4090 Laptop GPU, 14446, 90, 86, 125.41
2026-09-07T15:11:23Z,NVIDIA GeForce RTX 4090 Laptop GPU, 14459, 91, 86, 118.28
2026-09-07T15:11:24Z,NVIDIA GeForce RTX 4090 Laptop GPU, 14459, 83, 86, 120.82
2026-09-07T15:11:25Z,NVIDIA GeForce RTX 4090 Laptop GPU, 14459, 73, 86, 124.68
2026-09-07T15:11:26Z,NVIDIA GeForce RTX 4090 Laptop GPU, 14459, 88, 88, 142.32
2026-09-07T15:11:27Z,NVIDIA GeForce RTX 4090 Laptop GPU, 14450, 90, 87, 136.55
2026-09-07T15:11:29Z,NVIDIA GeForce RTX 4090 Laptop GPU, 14446, 87, 86, 125.24
2026-09-07T15:11:28Z,NVIDIA GeForce RTX 4090 Laptop GPU, 14446, 100, 87, 118.43
2026-09-07T15:11:29Z,NVIDIA GeForce RTX 4090 Laptop GPU, 14446, 88, 86, 121.70
2026-09-07T15:11:30Z,NVIDIA GeForce RTX 4090 Laptop GPU, 14446, 87, 86, 123.75
2026-09-07T15:11:31Z,NVIDIA GeForce RTX 4090 Laptop GPU, 14446, 91, 86, 121.01
2026-09-07T15:11:32Z,NVIDIA GeForce RTX 4090 Laptop GPU, 14446, 95, 86, 118.07
2026-09-07T15:11:33Z,NVIDIA GeForce RTX 4090 Laptop GPU, 14446, 78, 86, 119.36
2026-09-07T15:11:34Z,NVIDIA GeForce RTX 4090 Laptop GPU, 14446, 96, 86, 126.93
2026-09-07T15:11:35Z,NVIDIA GeForce RTX 4090 Laptop GPU, 14446, 65, 86, 117.63
2026-09-07T15:11:36Z,NVIDIA GeForce RTX 4090 Laptop GPU, 14446, 86, 86, 130.11
2026-09-07T15:11:37Z,NVIDIA GeForce RTX 4090 Laptop GPU, 14446, 92, 86, 128.88
2026-09-07T15:11:38Z,NVIDIA GeForce RTX 4090 Laptop GPU, 14446, 90, 86, 122.11
2026-09-07T15:11:39Z,NVIDIA GeForce RTX 4090 Laptop GPU, 14446, 90, 86, 127.70
2026-09-07T15:11:40Z,NVIDIA GeForce RTX 4090 Laptop GPU, 14446, 90, 86, 127.93
2026-09-07T15:11:41Z,NVIDIA GeForce RTX 4090 Laptop GPU, 14446, 100, 87, 121.73
2026-09-07T15:11:42Z,NVIDIA GeForce RTX 4090 Laptop GPU, 14445, 95, 86, 122.30
2026-09-07T15:11:43Z,NVIDIA GeForce RTX 4090 Laptop GPU, 14445, 90, 86, 123.76
2026-09-07T15:11:45Z,NVIDIA GeForce RTX 4090 Laptop GPU, 14445, 86, 86, 119.18
2026-09-07T15:11:46Z,NVIDIA GeForce RTX 4090 Laptop GPU, 14445, 7, 83, 59.28
2026-09-07T15:11:47Z,NVIDIA GeForce RTX 4090 Laptop GPU, 14445, 13, 82, 52.74
2026-09-07T15:11:48Z,NVIDIA GeForce RTX 4090 Laptop GPU, 14459, 17, 81, 28.18
2026-09-07T15:11:49Z,NVIDIA GeForce RTX 4090 Laptop GPU, 14459, 20, 80, 27.25
2026-09-07T15:11:50Z,NVIDIA GeForce RTX 4090 Laptop GPU, 14459, 22, 80, 27.07
2026-09-07T15:11:51Z,NVIDIA GeForce RTX 4090 Laptop GPU, 14459, 26, 79, 25.90
2026-09-07T15:11:52Z,NVIDIA GeForce RTX 4090 Laptop GPU, 14459, 29, 79, 24.58
2026-09-07T15:11:53Z,NVIDIA GeForce RTX 4090 Laptop GPU, 14459, 100, 87, 70.36
2026-09-07T15:11:54Z,NVIDIA GeForce RTX 4090 Laptop GPU, 14459, 99, 85, 163.07
2026-09-07T15:11:55Z,NVIDIA GeForce RTX 4090 Laptop GPU, 14459, 94, 85, 146.27
2026-09-07T15:11:56Z,NVIDIA GeForce RTX 4090 Laptop GPU, 14459, 99, 85, 156.63
2026-09-07T15:11:57Z,NVIDIA GeForce RTX 4090 Laptop GPU, 14446, 100, 89, 156.73
2026-09-07T15:11:58Z,NVIDIA GeForce RTX 4090 Laptop GPU, 14446, 99, 85, 138.45
2026-09-07T15:11:59Z,NVIDIA GeForce RTX 4090 Laptop GPU, 14446, 99, 86, 151.11
2026-09-07T15:11:59Z,NVIDIA GeForce RTX 4090 Laptop GPU, 14446, 96, 86, 152.69
2026-09-07T15:12:00Z,NVIDIA GeForce RTX 4090 Laptop GPU, 14446, 100, 86, 151.82
2026-09-07T15:12:01Z,NVIDIA GeForce RTX 4090 Laptop GPU, 14446, 100, 86, 112.38
2026-09-07T15:12:02Z,NVIDIA GeForce RTX 4090 Laptop GPU, 14446, 99, 85, 130.17
2026-09-07T15:12:03Z,NVIDIA GeForce RTX 4090 Laptop GPU, 14446, 99, 86, 147.13
2026-09-07T15:12:04Z,NVIDIA GeForce RTX 4090 Laptop GPU, 14446, 99, 86, 145.97
2026-09-07T15:12:05Z,NVIDIA GeForce RTX 4090 Laptop GPU, 14446, 100, 86, 121.19
2026-09-07T15:12:06Z,NVIDIA GeForce RTX 4090 Laptop GPU, 14446, 99, 86, 131.67
2026-09-07T15:12:07Z,NVIDIA GeForce RTX 4090 Laptop GPU, 14446, 99, 86, 145.63
2026-09-07T15:12:08Z,NVIDIA GeForce RTX 4090 Laptop GPU, 14446, 95, 86, 144.56
2026-09-07T15:12:09Z,NVIDIA GeForce RTX 4090 Laptop GPU, 14446, 100, 88, 149.20
2026-09-07T15:12:10Z,NVIDIA GeForce RTX 4090 Laptop GPU, 14446, 99, 86, 120.75
2026-09-07T15:12:11Z,NVIDIA GeForce RTX 4090 Laptop GPU, 14446, 96, 86, 132.35
2026-09-07T15:12:12Z,NVIDIA GeForce RTX 4090 Laptop GPU, 14446, 93, 86, 130.48
2026-09-07T15:12:13Z,NVIDIA GeForce RTX 4090 Laptop GPU, 14446, 100, 86, 119.84
2026-09-07T15:12:14Z,NVIDIA GeForce RTX 4090 Laptop GPU, 14446, 99, 85, 107.79
2026-09-07T15:12:16Z,NVIDIA GeForce RTX 4090 Laptop GPU, 14446, 93, 86, 130.31
2026-09-07T15:12:17Z,NVIDIA GeForce RTX 4090 Laptop GPU, 14446, 99, 86, 131.54
2026-09-07T15:12:18Z,NVIDIA GeForce RTX 4090 Laptop GPU, 14446, 100, 87, 131.37
2026-09-07T15:12:19Z,NVIDIA GeForce RTX 4090 Laptop GPU, 14446, 100, 86, 115.42
2026-09-07T15:12:20Z,NVIDIA GeForce RTX 4090 Laptop GPU, 14446, 98, 86, 127.48
2026-09-07T15:12:21Z,NVIDIA GeForce RTX 4090 Laptop GPU, 14446, 94, 86, 135.75
2026-09-07T15:12:22Z,NVIDIA GeForce RTX 4090 Laptop GPU, 14446, 99, 86, 136.49
2026-09-07T15:12:23Z,NVIDIA GeForce RTX 4090 Laptop GPU, 14446, 100, 87, 126.48
2026-09-07T15:12:24Z,NVIDIA GeForce RTX 4090 Laptop GPU, 14446, 91, 86, 116.32
2026-09-07T15:12:25Z,NVIDIA GeForce RTX 4090 Laptop GPU, 14446, 95, 86, 129.16
2026-09-07T15:12:26Z,NVIDIA GeForce RTX 4090 Laptop GPU, 14446, 91, 86, 127.51
2026-09-07T15:12:27Z,NVIDIA GeForce RTX 4090 Laptop GPU, 14446, 100, 86, 121.13
2026-09-07T15:12:28Z,NVIDIA GeForce RTX 4090 Laptop GPU, 14446, 100, 85, 106.79
2026-09-07T15:12:29Z,NVIDIA GeForce RTX 4090 Laptop GPU, 14446, 99, 86, 128.31
2026-09-07T15:12:29Z,NVIDIA GeForce RTX 4090 Laptop GPU, 14459, 91, 86, 127.93
2026-09-07T15:12:30Z,NVIDIA GeForce RTX 4090 Laptop GPU, 14459, 52, 86, 123.29
2026-09-07T15:12:31Z,NVIDIA GeForce RTX 4090 Laptop GPU, 14459, 7, 83, 59.46
2026-09-07T15:12:32Z,NVIDIA GeForce RTX 4090 Laptop GPU, 14459, 14, 82, 55.07
2026-09-07T15:12:33Z,NVIDIA GeForce RTX 4090 Laptop GPU, 14446, 18, 81, 29.05
2026-09-07T15:12:34Z,NVIDIA GeForce RTX 4090 Laptop GPU, 14446, 20, 80, 27.25
2026-09-07T15:12:35Z,NVIDIA GeForce RTX 4090 Laptop GPU, 14446, 21, 80, 26.91
2026-09-07T15:12:36Z,NVIDIA GeForce RTX 4090 Laptop GPU, 14446, 26, 79, 24.61
2026-09-07T15:12:37Z,NVIDIA GeForce RTX 4090 Laptop GPU, 14446, 34, 79, 21.83
2026-09-07T15:12:38Z,NVIDIA GeForce RTX 4090 Laptop GPU, 14446, 87, 84, 125.10
2026-09-07T15:12:39Z,NVIDIA GeForce RTX 4090 Laptop GPU, 14459, 90, 85, 158.08
2026-09-07T15:12:40Z,NVIDIA GeForce RTX 4090 Laptop GPU, 14459, 86, 86, 156.68
2026-09-07T15:12:41Z,NVIDIA GeForce RTX 4090 Laptop GPU, 14459, 85, 86, 157.75
2026-09-07T15:12:42Z,NVIDIA GeForce RTX 4090 Laptop GPU, 14459, 84, 86, 156.84
2026-09-07T15:12:43Z,NVIDIA GeForce RTX 4090 Laptop GPU, 14459, 92, 86, 159.60
2026-09-07T15:12:45Z,NVIDIA GeForce RTX 4090 Laptop GPU, 14446, 87, 86, 150.85
2026-09-07T15:12:46Z,NVIDIA GeForce RTX 4090 Laptop GPU, 14446, 95, 86, 149.75
2026-09-07T15:12:47Z,NVIDIA GeForce RTX 4090 Laptop GPU, 14446, 94, 86, 148.77
2026-09-07T15:12:48Z,NVIDIA GeForce RTX 4090 Laptop GPU, 14446, 89, 87, 148.85
2026-09-07T15:12:49Z,NVIDIA GeForce RTX 4090 Laptop GPU, 14446, 92, 86, 142.73
2026-09-07T15:12:50Z,NVIDIA GeForce RTX 4090 Laptop GPU, 14446, 75, 85, 134.73
2026-09-07T15:12:51Z,NVIDIA GeForce RTX 4090 Laptop GPU, 14446, 83, 86, 138.65
2026-09-07T15:12:52Z,NVIDIA GeForce RTX 4090 Laptop GPU, 14446, 81, 86, 137.30
2026-09-07T15:12:53Z,NVIDIA GeForce RTX 4090 Laptop GPU, 14446, 83, 86, 134.03
2026-09-07T15:12:54Z,NVIDIA GeForce RTX 4090 Laptop GPU, 14446, 86, 86, 131.36
2026-09-07T15:12:55Z,NVIDIA GeForce RTX 4090 Laptop GPU, 14446, 86, 86, 132.77
2026-09-07T15:12:56Z,NVIDIA GeForce RTX 4090 Laptop GPU, 14446, 89, 86, 132.11
2026-09-07T15:12:57Z,NVIDIA GeForce RTX 4090 Laptop GPU, 14446, 79, 86, 131.12
2026-09-07T15:12:58Z,NVIDIA GeForce RTX 4090 Laptop GPU, 14446, 83, 86, 131.66
2026-09-07T15:12:59Z,NVIDIA GeForce RTX 4090 Laptop GPU, 14446, 74, 86, 128.79
2026-09-07T15:13:00Z,NVIDIA GeForce RTX 4090 Laptop GPU, 14446, 82, 86, 131.83
2026-09-07T15:13:00Z,NVIDIA GeForce RTX 4090 Laptop GPU, 14446, 90, 86, 132.65
2026-09-07T15:13:01Z,NVIDIA GeForce RTX 4090 Laptop GPU, 14446, 90, 86, 132.14
2026-09-07T15:13:02Z,NVIDIA GeForce RTX 4090 Laptop GPU, 14446, 84, 86, 133.09
2026-09-07T15:13:03Z,NVIDIA GeForce RTX 4090 Laptop GPU, 14446, 88, 86, 132.04
2026-09-07T15:13:04Z,NVIDIA GeForce RTX 4090 Laptop GPU, 14445, 85, 86, 130.36
2026-09-07T15:13:05Z,NVIDIA GeForce RTX 4090 Laptop GPU, 14445, 86, 86, 131.29
2026-09-07T15:13:06Z,NVIDIA GeForce RTX 4090 Laptop GPU, 14445, 81, 86, 129.55
2026-09-07T15:13:07Z,NVIDIA GeForce RTX 4090 Laptop GPU, 14445, 90, 86, 126.71
2026-09-07T15:13:08Z,NVIDIA GeForce RTX 4090 Laptop GPU, 14445, 79, 86, 125.39
2026-09-07T15:13:09Z,NVIDIA GeForce RTX 4090 Laptop GPU, 14445, 87, 86, 124.82
2026-09-07T15:13:10Z,NVIDIA GeForce RTX 4090 Laptop GPU, 14445, 87, 86, 123.87
2026-09-07T15:13:11Z,NVIDIA GeForce RTX 4090 Laptop GPU, 14445, 85, 86, 125.42
2026-09-07T15:13:12Z,NVIDIA GeForce RTX 4090 Laptop GPU, 14445, 87, 86, 125.48
2026-09-07T15:13:13Z,NVIDIA GeForce RTX 4090 Laptop GPU, 14445, 92, 86, 125.65
2026-09-07T15:13:14Z,NVIDIA GeForce RTX 4090 Laptop GPU, 14445, 92, 86, 126.31
2026-09-07T15:13:15Z,NVIDIA GeForce RTX 4090 Laptop GPU, 14445, 87, 86, 125.79
2026-09-07T15:13:17Z,NVIDIA GeForce RTX 4090 Laptop GPU, 14445, 85, 86, 126.97
2026-09-07T15:13:18Z,NVIDIA GeForce RTX 4090 Laptop GPU, 14445, 90, 86, 128.93
2026-09-07T15:13:19Z,NVIDIA GeForce RTX 4090 Laptop GPU, 14445, 91, 86, 127.77
2026-09-07T15:13:20Z,NVIDIA GeForce RTX 4090 Laptop GPU, 14445, 88, 86, 126.25
2026-09-07T15:13:21Z,NVIDIA GeForce RTX 4090 Laptop GPU, 14445, 90, 86, 128.00
2026-09-07T15:13:22Z,NVIDIA GeForce RTX 4090 Laptop GPU, 14445, 92, 86, 125.53
2026-09-07T15:13:23Z,NVIDIA GeForce RTX 4090 Laptop GPU, 14445, 85, 86, 127.24
2026-09-07T15:13:24Z,NVIDIA GeForce RTX 4090 Laptop GPU, 14445, 86, 86, 126.80
2026-09-07T15:13:25Z,NVIDIA GeForce RTX 4090 Laptop GPU, 14445, 99, 87, 125.26
2026-09-07T15:13:26Z,NVIDIA GeForce RTX 4090 Laptop GPU, 14445, 84, 86, 121.65
2026-09-07T15:13:27Z,NVIDIA GeForce RTX 4090 Laptop GPU, 14445, 92, 86, 122.48
2026-09-07T15:13:28Z,NVIDIA GeForce RTX 4090 Laptop GPU, 14445, 99, 86, 121.93
2026-09-07T15:13:29Z,NVIDIA GeForce RTX 4090 Laptop GPU, 14445, 80, 86, 126.23
2026-09-07T15:13:30Z,NVIDIA GeForce RTX 4090 Laptop GPU, 14445, 92, 86, 127.47
2026-09-07T15:13:31Z,NVIDIA GeForce RTX 4090 Laptop GPU, 14445, 99, 86, 128.02
2026-09-07T15:13:31Z,NVIDIA GeForce RTX 4090 Laptop GPU, 14445, 85, 86, 130.85
2026-09-07T15:13:32Z,NVIDIA GeForce RTX 4090 Laptop GPU, 14445, 88, 86, 131.31
2026-09-07T15:13:33Z,NVIDIA GeForce RTX 4090 Laptop GPU, 14445, 96, 86, 130.15
2026-09-07T15:13:34Z,NVIDIA GeForce RTX 4090 Laptop GPU, 14445, 85, 86, 128.64
2026-09-07T15:13:35Z,NVIDIA GeForce RTX 4090 Laptop GPU, 14445, 87, 86, 129.84
2026-09-07T15:13:36Z,NVIDIA GeForce RTX 4090 Laptop GPU, 14445, 90, 85, 123.67
2026-09-07T15:13:37Z,NVIDIA GeForce RTX 4090 Laptop GPU, 14445, 84, 86, 118.24
2026-09-07T15:13:38Z,NVIDIA GeForce RTX 4090 Laptop GPU, 14445, 89, 86, 127.06
2026-09-07T15:13:39Z,NVIDIA GeForce RTX 4090 Laptop GPU, 14445, 84, 86, 128.93
2026-09-07T15:13:40Z,NVIDIA GeForce RTX 4090 Laptop GPU, 14445, 87, 86, 122.28
2026-09-07T15:13:41Z,NVIDIA GeForce RTX 4090 Laptop GPU, 14445, 87, 86, 124.74
2026-09-07T15:13:42Z,NVIDIA GeForce RTX 4090 Laptop GPU, 14445, 84, 86, 123.89
2026-09-07T15:13:43Z,NVIDIA GeForce RTX 4090 Laptop GPU, 14445, 89, 86, 123.73
2026-09-07T15:13:44Z,NVIDIA GeForce RTX 4090 Laptop GPU, 14445, 85, 86, 123.73
2026-09-07T15:13:45Z,NVIDIA GeForce RTX 4090 Laptop GPU, 14445, 84, 86, 123.26
2026-09-07T15:13:46Z,NVIDIA GeForce RTX 4090 Laptop GPU, 14445, 79, 86, 121.41
2026-09-07T15:13:48Z,NVIDIA GeForce RTX 4090 Laptop GPU, 14445, 86, 86, 124.24
2026-09-07T15:13:49Z,NVIDIA GeForce RTX 4090 Laptop GPU, 14458, 87, 86, 122.17
2026-09-07T15:13:50Z,NVIDIA GeForce RTX 4090 Laptop GPU, 14458, 92, 86, 124.48
2026-09-07T15:13:51Z,NVIDIA GeForce RTX 4090 Laptop GPU, 14458, 89, 86, 125.59
2026-09-07T15:13:52Z,NVIDIA GeForce RTX 4090 Laptop GPU, 14458, 94, 86, 124.94
2026-09-07T15:13:53Z,NVIDIA GeForce RTX 4090 Laptop GPU, 14446, 87, 86, 125.38
2026-09-07T15:13:54Z,NVIDIA GeForce RTX 4090 Laptop GPU, 14446, 90, 86, 125.93
2026-09-07T15:13:55Z,NVIDIA GeForce RTX 4090 Laptop GPU, 14446, 92, 86, 124.98
2026-09-07T15:13:56Z,NVIDIA GeForce RTX 4090 Laptop GPU, 14446, 84, 86, 124.27
2026-09-07T15:13:57Z,NVIDIA GeForce RTX 4090 Laptop GPU, 14446, 94, 86, 125.79
2026-09-07T15:13:58Z,NVIDIA GeForce RTX 4090 Laptop GPU, 14446, 92, 86, 123.82
2026-09-07T15:13:59Z,NVIDIA GeForce RTX 4090 Laptop GPU, 14446, 87, 86, 123.65
2026-09-07T15:14:00Z,NVIDIA GeForce RTX 4090 Laptop GPU, 14446, 86, 86, 124.36
2026-09-07T15:14:01Z,NVIDIA GeForce RTX 4090 Laptop GPU, 14446, 91, 86, 124.36
2026-09-07T15:14:01Z,NVIDIA GeForce RTX 4090 Laptop GPU, 14446, 89, 86, 125.73
2026-09-07T15:14:02Z,NVIDIA GeForce RTX 4090 Laptop GPU, 14446, 90, 86, 125.06
2026-09-07T15:14:03Z,NVIDIA GeForce RTX 4090 Laptop GPU, 14446, 82, 86, 135.85
2026-09-07T15:14:04Z,NVIDIA GeForce RTX 4090 Laptop GPU, 14446, 80, 86, 125.29
2026-09-07T15:14:05Z,NVIDIA GeForce RTX 4090 Laptop GPU, 14446, 87, 86, 125.41
2026-09-07T15:14:06Z,NVIDIA GeForce RTX 4090 Laptop GPU, 14446, 94, 86, 128.14
2026-09-07T15:14:07Z,NVIDIA GeForce RTX 4090 Laptop GPU, 14446, 88, 86, 121.51
2026-09-07T15:14:08Z,NVIDIA GeForce RTX 4090 Laptop GPU, 14446, 92, 86, 121.02
2026-09-07T15:14:09Z,NVIDIA GeForce RTX 4090 Laptop GPU, 14446, 92, 86, 116.56
2026-09-07T15:14:10Z,NVIDIA GeForce RTX 4090 Laptop GPU, 14446, 92, 86, 123.95
2026-09-07T15:14:11Z,NVIDIA GeForce RTX 4090 Laptop GPU, 14446, 96, 88, 124.88
2026-09-07T15:14:12Z,NVIDIA GeForce RTX 4090 Laptop GPU, 14446, 87, 86, 126.93
2026-09-07T15:14:13Z,NVIDIA GeForce RTX 4090 Laptop GPU, 14446, 85, 86, 127.54
2026-09-07T15:14:14Z,NVIDIA GeForce RTX 4090 Laptop GPU, 14446, 99, 88, 132.30
2026-09-07T15:14:16Z,NVIDIA GeForce RTX 4090 Laptop GPU, 14446, 88, 87, 136.07
2026-09-07T15:14:17Z,NVIDIA GeForce RTX 4090 Laptop GPU, 14446, 88, 86, 125.15
2026-09-07T15:14:18Z,NVIDIA GeForce RTX 4090 Laptop GPU, 14446, 99, 86, 124.84
2026-09-07T15:14:19Z,NVIDIA GeForce RTX 4090 Laptop GPU, 14446, 86, 86, 123.48
2026-09-07T15:14:20Z,NVIDIA GeForce RTX 4090 Laptop GPU, 14446, 90, 86, 124.80
2026-09-07T15:14:21Z,NVIDIA GeForce RTX 4090 Laptop GPU, 14446, 99, 86, 123.41
2026-09-07T15:14:22Z,NVIDIA GeForce RTX 4090 Laptop GPU, 14446, 86, 86, 124.88
2026-09-07T15:14:23Z,NVIDIA GeForce RTX 4090 Laptop GPU, 14446, 88, 86, 124.68
2026-09-07T15:14:24Z,NVIDIA GeForce RTX 4090 Laptop GPU, 14446, 7, 84, 84.95
2026-09-07T15:14:25Z,NVIDIA GeForce RTX 4090 Laptop GPU, 14446, 7, 83, 59.28
2026-09-07T15:14:26Z,NVIDIA GeForce RTX 4090 Laptop GPU, 14446, 16, 82, 40.22
2026-09-07T15:14:27Z,NVIDIA GeForce RTX 4090 Laptop GPU, 14446, 18, 81, 27.73
2026-09-07T15:14:28Z,NVIDIA GeForce RTX 4090 Laptop GPU, 14446, 21, 80, 27.19
2026-09-07T15:14:30Z,NVIDIA GeForce RTX 4090 Laptop GPU, 14446, 24, 80, 24.89
2026-09-07T15:14:31Z,NVIDIA GeForce RTX 4090 Laptop GPU, 14446, 34, 79, 22.02
2026-09-07T15:14:32Z,NVIDIA GeForce RTX 4090 Laptop GPU, 14446, 100, 84, 75.04
2026-09-07T15:14:33Z,NVIDIA GeForce RTX 4090 Laptop GPU, 14458, 94, 84, 150.25
2026-09-07T15:14:32Z,NVIDIA GeForce RTX 4090 Laptop GPU, 14458, 93, 85, 149.01
2026-09-07T15:14:33Z,NVIDIA GeForce RTX 4090 Laptop GPU, 14458, 99, 86, 151.10
2026-09-07T15:14:34Z,NVIDIA GeForce RTX 4090 Laptop GPU, 14458, 87, 85, 148.06
2026-09-07T15:14:35Z,NVIDIA GeForce RTX 4090 Laptop GPU, 14458, 94, 86, 149.45
2026-09-07T15:14:36Z,NVIDIA GeForce RTX 4090 Laptop GPU, 14458, 100, 86, 147.89
2026-09-07T15:14:37Z,NVIDIA GeForce RTX 4090 Laptop GPU, 14458, 84, 86, 142.70
2026-09-07T15:14:38Z,NVIDIA GeForce RTX 4090 Laptop GPU, 14458, 88, 86, 144.38
2026-09-07T15:14:39Z,NVIDIA GeForce RTX 4090 Laptop GPU, 14450, 100, 87, 142.55
2026-09-07T15:14:41Z,NVIDIA GeForce RTX 4090 Laptop GPU, 14450, 85, 86, 138.46
2026-09-07T15:14:42Z,NVIDIA GeForce RTX 4090 Laptop GPU, 14450, 93, 86, 143.74
2026-09-07T15:14:43Z,NVIDIA GeForce RTX 4090 Laptop GPU, 14450, 93, 86, 142.01
2026-09-07T15:14:44Z,NVIDIA GeForce RTX 4090 Laptop GPU, 14446, 84, 86, 128.19
2026-09-07T15:14:45Z,NVIDIA GeForce RTX 4090 Laptop GPU, 14446, 84, 86, 131.63
2026-09-07T15:14:46Z,NVIDIA GeForce RTX 4090 Laptop GPU, 14446, 86, 86, 132.07
2026-09-07T15:14:47Z,NVIDIA GeForce RTX 4090 Laptop GPU, 14446, 99, 85, 125.34
2026-09-07T15:14:48Z,NVIDIA GeForce RTX 4090 Laptop GPU, 14446, 92, 86, 129.17
2026-09-07T15:14:49Z,NVIDIA GeForce RTX 4090 Laptop GPU, 14446, 80, 86, 127.70
2026-09-07T15:14:50Z,NVIDIA GeForce RTX 4090 Laptop GPU, 14446, 100, 89, 124.10
2026-09-07T15:14:51Z,NVIDIA GeForce RTX 4090 Laptop GPU, 14446, 75, 86, 126.55
2026-09-07T15:14:52Z,NVIDIA GeForce RTX 4090 Laptop GPU, 14446, 86, 86, 127.30
2026-09-07T15:14:53Z,NVIDIA GeForce RTX 4090 Laptop GPU, 14446, 84, 86, 127.21
2026-09-07T15:14:54Z,NVIDIA GeForce RTX 4090 Laptop GPU, 14446, 92, 85, 119.81
2026-09-07T15:14:55Z,NVIDIA GeForce RTX 4090 Laptop GPU, 14446, 63, 86, 125.45
2026-09-07T15:14:56Z,NVIDIA GeForce RTX 4090 Laptop GPU, 14446, 86, 86, 127.60
2026-09-07T15:14:57Z,NVIDIA GeForce RTX 4090 Laptop GPU, 14446, 100, 86, 124.04
2026-09-07T15:14:58Z,NVIDIA GeForce RTX 4090 Laptop GPU, 14446, 77, 86, 118.50
2026-09-07T15:14:59Z,NVIDIA GeForce RTX 4090 Laptop GPU, 14446, 74, 86, 123.68
2026-09-07T15:15:01Z,NVIDIA GeForce RTX 4090 Laptop GPU, 14446, 85, 86, 123.79
2026-09-07T15:15:02Z,NVIDIA GeForce RTX 4090 Laptop GPU, 14446, 7, 84, 84.19
2026-09-07T15:15:03Z,NVIDIA GeForce RTX 4090 Laptop GPU, 14446, 7, 83, 59.08
2026-09-07T15:15:04Z,NVIDIA GeForce RTX 4090 Laptop GPU, 14446, 17, 81, 33.01
2026-09-07T15:15:03Z,NVIDIA GeForce RTX 4090 Laptop GPU, 14450, 19, 80, 27.54
2026-09-07T15:15:04Z,NVIDIA GeForce RTX 4090 Laptop GPU, 14450, 21, 80, 27.01
2026-09-07T15:15:05Z,NVIDIA GeForce RTX 4090 Laptop GPU, 14450, 26, 79, 25.08
2026-09-07T15:15:06Z,NVIDIA GeForce RTX 4090 Laptop GPU, 14450, 27, 79, 23.56
2026-09-07T15:15:07Z,NVIDIA GeForce RTX 4090 Laptop GPU, 14446, 100, 78, 36.72
2026-09-07T15:15:08Z,NVIDIA GeForce RTX 4090 Laptop GPU, 14446, 86, 85, 164.60
2026-09-07T15:15:09Z,NVIDIA GeForce RTX 4090 Laptop GPU, 14446, 92, 86, 158.01
2026-09-07T15:15:10Z,NVIDIA GeForce RTX 4090 Laptop GPU, 14446, 91, 86, 163.25
2026-09-07T15:15:11Z,NVIDIA GeForce RTX 4090 Laptop GPU, 14446, 92, 86, 159.29
2026-09-07T15:15:12Z,NVIDIA GeForce RTX 4090 Laptop GPU, 14446, 97, 87, 160.99
2026-09-07T15:15:13Z,NVIDIA GeForce RTX 4090 Laptop GPU, 14446, 98, 86, 152.91
2026-09-07T15:15:14Z,NVIDIA GeForce RTX 4090 Laptop GPU, 14446, 84, 86, 150.40
2026-09-07T15:15:16Z,NVIDIA GeForce RTX 4090 Laptop GPU, 14446, 94, 87, 152.89
2026-09-07T15:15:17Z,NVIDIA GeForce RTX 4090 Laptop GPU, 14446, 96, 86, 144.75
2026-09-07T15:15:18Z,NVIDIA GeForce RTX 4090 Laptop GPU, 14446, 91, 85, 132.57
2026-09-07T15:15:19Z,NVIDIA GeForce RTX 4090 Laptop GPU, 14446, 91, 86, 139.85
2026-09-07T15:15:20Z,NVIDIA GeForce RTX 4090 Laptop GPU, 14450, 90, 86, 139.21
2026-09-07T15:15:21Z,NVIDIA GeForce RTX 4090 Laptop GPU, 14450, 88, 86, 131.17
2026-09-07T15:15:22Z,NVIDIA GeForce RTX 4090 Laptop GPU, 14450, 99, 86, 136.04
2026-09-07T15:15:23Z,NVIDIA GeForce RTX 4090 Laptop GPU, 14450, 89, 86, 136.02
2026-09-07T15:15:24Z,NVIDIA GeForce RTX 4090 Laptop GPU, 14450, 86, 86, 128.29
2026-09-07T15:15:25Z,NVIDIA GeForce RTX 4090 Laptop GPU, 14450, 91, 86, 138.03
2026-09-07T15:15:26Z,NVIDIA GeForce RTX 4090 Laptop GPU, 14450, 91, 86, 137.52
2026-09-07T15:15:27Z,NVIDIA GeForce RTX 4090 Laptop GPU, 14450, 94, 86, 127.18
2026-09-07T15:15:28Z,NVIDIA GeForce RTX 4090 Laptop GPU, 14450, 90, 86, 129.49
2026-09-07T15:15:29Z,NVIDIA GeForce RTX 4090 Laptop GPU, 14450, 91, 86, 128.54
2026-09-07T15:15:30Z,NVIDIA GeForce RTX 4090 Laptop GPU, 14450, 85, 85, 120.81
2026-09-07T15:15:31Z,NVIDIA GeForce RTX 4090 Laptop GPU, 14450, 93, 86, 128.81
2026-09-07T15:15:32Z,NVIDIA GeForce RTX 4090 Laptop GPU, 14450, 82, 86, 126.62
2026-09-07T15:15:33Z,NVIDIA GeForce RTX 4090 Laptop GPU, 14446, 100, 88, 130.64
2026-09-07T15:15:33Z,NVIDIA GeForce RTX 4090 Laptop GPU, 14446, 97, 86, 135.38
2026-09-07T15:15:34Z,NVIDIA GeForce RTX 4090 Laptop GPU, 14446, 92, 86, 132.92
2026-09-07T15:15:35Z,NVIDIA GeForce RTX 4090 Laptop GPU, 14446, 88, 86, 131.87
2026-09-07T15:15:36Z,NVIDIA GeForce RTX 4090 Laptop GPU, 14446, 81, 86, 136.56
2026-09-07T15:15:37Z,NVIDIA GeForce RTX 4090 Laptop GPU, 14446, 96, 86, 126.75
2026-09-07T15:15:38Z,NVIDIA GeForce RTX 4090 Laptop GPU, 14446, 89, 86, 122.40
2026-09-07T15:15:39Z,NVIDIA GeForce RTX 4090 Laptop GPU, 14446, 99, 85, 116.78
2026-09-07T15:15:40Z,NVIDIA GeForce RTX 4090 Laptop GPU, 14446, 95, 86, 127.34
2026-09-07T15:15:41Z,NVIDIA GeForce RTX 4090 Laptop GPU, 14450, 96, 86, 127.50
2026-09-07T15:15:42Z,NVIDIA GeForce RTX 4090 Laptop GPU, 14450, 95, 86, 121.68
2026-09-07T15:15:43Z,NVIDIA GeForce RTX 4090 Laptop GPU, 14450, 97, 86, 125.51
2026-09-07T15:15:44Z,NVIDIA GeForce RTX 4090 Laptop GPU, 14450, 96, 86, 126.66
2026-09-07T15:15:45Z,NVIDIA GeForce RTX 4090 Laptop GPU, 14450, 98, 86, 118.66
2026-09-07T15:15:46Z,NVIDIA GeForce RTX 4090 Laptop GPU, 14450, 98, 86, 129.06
2026-09-07T15:15:47Z,NVIDIA GeForce RTX 4090 Laptop GPU, 14450, 92, 86, 128.02
2026-09-07T15:15:49Z,NVIDIA GeForce RTX 4090 Laptop GPU, 14450, 99, 86, 119.89
2026-09-07T15:15:50Z,NVIDIA GeForce RTX 4090 Laptop GPU, 14446, 92, 86, 126.93
2026-09-07T15:15:51Z,NVIDIA GeForce RTX 4090 Laptop GPU, 14446, 94, 86, 127.91
2026-09-07T15:15:52Z,NVIDIA GeForce RTX 4090 Laptop GPU, 14446, 99, 86, 121.57
2026-09-07T15:15:53Z,NVIDIA GeForce RTX 4090 Laptop GPU, 14446, 96, 86, 127.12
2026-09-07T15:15:54Z,NVIDIA GeForce RTX 4090 Laptop GPU, 14446, 93, 86, 127.80
2026-09-07T15:15:55Z,NVIDIA GeForce RTX 4090 Laptop GPU, 14446, 99, 86, 120.94
2026-09-07T15:15:56Z,NVIDIA GeForce RTX 4090 Laptop GPU, 14446, 99, 86, 128.19
2026-09-07T15:15:57Z,NVIDIA GeForce RTX 4090 Laptop GPU, 14446, 97, 86, 127.74
2026-09-07T15:15:58Z,NVIDIA GeForce RTX 4090 Laptop GPU, 14446, 95, 86, 120.23
2026-09-07T15:15:59Z,NVIDIA GeForce RTX 4090 Laptop GPU, 14446, 91, 86, 125.00
2026-09-07T15:16:00Z,NVIDIA GeForce RTX 4090 Laptop GPU, 14446, 90, 86, 125.02
2026-09-07T15:16:02Z,NVIDIA GeForce RTX 4090 Laptop GPU, 14446, 99, 86, 128.21
2026-09-07T15:16:03Z,NVIDIA GeForce RTX 4090 Laptop GPU, 14446, 90, 86, 136.80
2026-09-07T15:16:04Z,NVIDIA GeForce RTX 4090 Laptop GPU, 14446, 97, 86, 136.38
2026-09-07T15:16:05Z,NVIDIA GeForce RTX 4090 Laptop GPU, 14446, 99, 86, 122.96
2026-09-07T15:16:04Z,NVIDIA GeForce RTX 4090 Laptop GPU, 14446, 94, 86, 126.86
2026-09-07T15:16:05Z,NVIDIA GeForce RTX 4090 Laptop GPU, 14446, 99, 86, 125.97
2026-09-07T15:16:06Z,NVIDIA GeForce RTX 4090 Laptop GPU, 14450, 87, 87, 138.01
2026-09-07T15:16:07Z,NVIDIA GeForce RTX 4090 Laptop GPU, 14450, 90, 86, 131.70
2026-09-07T15:16:08Z,NVIDIA GeForce RTX 4090 Laptop GPU, 14450, 95, 86, 130.92
2026-09-07T15:16:09Z,NVIDIA GeForce RTX 4090 Laptop GPU, 14450, 99, 86, 122.55
2026-09-07T15:16:10Z,NVIDIA GeForce RTX 4090 Laptop GPU, 14450, 96, 86, 128.19
2026-09-07T15:16:11Z,NVIDIA GeForce RTX 4090 Laptop GPU, 14446, 99, 86, 128.89
2026-09-07T15:16:12Z,NVIDIA GeForce RTX 4090 Laptop GPU, 14446, 96, 86, 119.97
2026-09-07T15:16:13Z,NVIDIA GeForce RTX 4090 Laptop GPU, 14446, 96, 86, 123.97
2026-09-07T15:16:15Z,NVIDIA GeForce RTX 4090 Laptop GPU, 14446, 98, 86, 126.24
2026-09-07T15:16:16Z,NVIDIA GeForce RTX 4090 Laptop GPU, 14446, 97, 87, 119.53
2026-09-07T15:16:17Z,NVIDIA GeForce RTX 4090 Laptop GPU, 14446, 90, 86, 123.52
2026-09-07T15:16:18Z,NVIDIA GeForce RTX 4090 Laptop GPU, 14446, 92, 86, 124.41
2026-09-07T15:16:19Z,NVIDIA GeForce RTX 4090 Laptop GPU, 14446, 99, 87, 119.21
2026-09-07T15:16:20Z,NVIDIA GeForce RTX 4090 Laptop GPU, 14446, 94, 86, 124.87
2026-09-07T15:16:21Z,NVIDIA GeForce RTX 4090 Laptop GPU, 14446, 96, 86, 124.72
2026-09-07T15:16:22Z,NVIDIA GeForce RTX 4090 Laptop GPU, 14446, 99, 87, 122.94
2026-09-07T15:16:23Z,NVIDIA GeForce RTX 4090 Laptop GPU, 14446, 97, 86, 135.76
2026-09-07T15:16:24Z,NVIDIA GeForce RTX 4090 Laptop GPU, 14446, 97, 86, 134.25
2026-09-07T15:16:25Z,NVIDIA GeForce RTX 4090 Laptop GPU, 14450, 100, 87, 123.25
2026-09-07T15:16:26Z,NVIDIA GeForce RTX 4090 Laptop GPU, 14450, 91, 86, 125.14
2026-09-07T15:16:27Z,NVIDIA GeForce RTX 4090 Laptop GPU, 14450, 95, 86, 126.19
2026-09-07T15:16:28Z,NVIDIA GeForce RTX 4090 Laptop GPU, 14450, 99, 87, 118.96
2026-09-07T15:16:29Z,NVIDIA GeForce RTX 4090 Laptop GPU, 14450, 85, 86, 124.07
2026-09-07T15:16:30Z,NVIDIA GeForce RTX 4090 Laptop GPU, 14446, 96, 86, 122.89
2026-09-07T15:16:31Z,NVIDIA GeForce RTX 4090 Laptop GPU, 14446, 100, 87, 118.90
2026-09-07T15:16:32Z,NVIDIA GeForce RTX 4090 Laptop GPU, 14446, 94, 86, 128.07
2026-09-07T15:16:34Z,NVIDIA GeForce RTX 4090 Laptop GPU, 14446, 93, 86, 131.02
2026-09-07T15:16:35Z,NVIDIA GeForce RTX 4090 Laptop GPU, 14446, 93, 87, 124.92
2026-09-07T15:16:36Z,NVIDIA GeForce RTX 4090 Laptop GPU, 14446, 99, 86, 122.29
2026-09-07T15:16:35Z,NVIDIA GeForce RTX 4090 Laptop GPU, 14450, 99, 86, 124.15
2026-09-07T15:16:36Z,NVIDIA GeForce RTX 4090 Laptop GPU, 14450, 100, 85, 120.67
2026-09-07T15:16:37Z,NVIDIA GeForce RTX 4090 Laptop GPU, 14450, 91, 86, 124.21
2026-09-07T15:16:38Z,NVIDIA GeForce RTX 4090 Laptop GPU, 14450, 96, 86, 124.97
2026-09-07T15:16:39Z,NVIDIA GeForce RTX 4090 Laptop GPU, 14450, 100, 86, 119.82
2026-09-07T15:16:40Z,NVIDIA GeForce RTX 4090 Laptop GPU, 14450, 99, 86, 124.34
2026-09-07T15:16:41Z,NVIDIA GeForce RTX 4090 Laptop GPU, 14446, 91, 86, 126.51
2026-09-07T15:16:42Z,NVIDIA GeForce RTX 4090 Laptop GPU, 14450, 100, 86, 120.58
2026-09-07T15:16:43Z,NVIDIA GeForce RTX 4090 Laptop GPU, 14450, 86, 86, 119.70
2026-09-07T15:16:44Z,NVIDIA GeForce RTX 4090 Laptop GPU, 14450, 99, 86, 129.47
2026-09-07T15:16:45Z,NVIDIA GeForce RTX 4090 Laptop GPU, 14450, 92, 86, 126.19
2026-09-07T15:16:46Z,NVIDIA GeForce RTX 4090 Laptop GPU, 14450, 99, 86, 123.58
2026-09-07T15:16:47Z,NVIDIA GeForce RTX 4090 Laptop GPU, 14446, 99, 86, 129.18
2026-09-07T15:16:48Z,NVIDIA GeForce RTX 4090 Laptop GPU, 14446, 86, 86, 126.40
2026-09-07T15:16:49Z,NVIDIA GeForce RTX 4090 Laptop GPU, 14446, 96, 86, 119.79
2026-09-07T15:16:51Z,NVIDIA GeForce RTX 4090 Laptop GPU, 14446, 99, 86, 125.00
2026-09-07T15:16:52Z,NVIDIA GeForce RTX 4090 Laptop GPU, 14450, 91, 86, 124.57
2026-09-07T15:16:53Z,NVIDIA GeForce RTX 4090 Laptop GPU, 14450, 95, 86, 119.09
2026-09-07T15:16:54Z,NVIDIA GeForce RTX 4090 Laptop GPU, 14450, 87, 86, 126.75
2026-09-07T15:16:55Z,NVIDIA GeForce RTX 4090 Laptop GPU, 14450, 93, 86, 127.62
2026-09-07T15:16:56Z,NVIDIA GeForce RTX 4090 Laptop GPU, 14450, 89, 85, 120.91
2026-09-07T15:16:57Z,NVIDIA GeForce RTX 4090 Laptop GPU, 14446, 95, 86, 126.47
2026-09-07T15:16:58Z,NVIDIA GeForce RTX 4090 Laptop GPU, 14446, 92, 86, 126.36
2026-09-07T15:16:59Z,NVIDIA GeForce RTX 4090 Laptop GPU, 14446, 6, 84, 91.71
2026-09-07T15:17:00Z,NVIDIA GeForce RTX 4090 Laptop GPU, 14446, 6, 83, 59.16
2026-09-07T15:17:01Z,NVIDIA GeForce RTX 4090 Laptop GPU, 14450, 14, 81, 41.47
2026-09-07T15:17:02Z,NVIDIA GeForce RTX 4090 Laptop GPU, 14450, 16, 80, 27.72
2026-09-07T15:17:03Z,NVIDIA GeForce RTX 4090 Laptop GPU, 14450, 19, 80, 27.22
2026-09-07T15:17:04Z,NVIDIA GeForce RTX 4090 Laptop GPU, 14450, 22, 79, 26.35
2026-09-07T15:17:05Z,NVIDIA GeForce RTX 4090 Laptop GPU, 14450, 25, 79, 24.39
2026-09-07T15:17:06Z,NVIDIA GeForce RTX 4090 Laptop GPU, 14446, 100, 87, 84.49
2026-09-07T15:17:06Z,NVIDIA GeForce RTX 4090 Laptop GPU, 14450, 99, 85, 156.74
2026-09-07T15:17:07Z,NVIDIA GeForce RTX 4090 Laptop GPU, 14450, 99, 85, 150.26
2026-09-07T15:17:08Z,NVIDIA GeForce RTX 4090 Laptop GPU, 14450, 99, 86, 159.60
2026-09-07T15:17:09Z,NVIDIA GeForce RTX 4090 Laptop GPU, 14450, 100, 88, 157.56
2026-09-07T15:17:10Z,NVIDIA GeForce RTX 4090 Laptop GPU, 14446, 99, 86, 141.77
2026-09-07T15:17:11Z,NVIDIA GeForce RTX 4090 Laptop GPU, 14450, 99, 86, 156.89
2026-09-07T15:17:12Z,NVIDIA GeForce RTX 4090 Laptop GPU, 14450, 99, 86, 156.68
2026-09-07T15:17:13Z,NVIDIA GeForce RTX 4090 Laptop GPU, 14450, 100, 87, 140.90
2026-09-07T15:17:14Z,NVIDIA GeForce RTX 4090 Laptop GPU, 14450, 99, 85, 125.61
2026-09-07T15:17:15Z,NVIDIA GeForce RTX 4090 Laptop GPU, 14450, 98, 86, 150.77
2026-09-07T15:17:16Z,NVIDIA GeForce RTX 4090 Laptop GPU, 14450, 99, 86, 150.89
2026-09-07T15:17:17Z,NVIDIA GeForce RTX 4090 Laptop GPU, 14450, 100, 87, 135.94
2026-09-07T15:17:18Z,NVIDIA GeForce RTX 4090 Laptop GPU, 14446, 100, 86, 108.78
2026-09-07T15:17:19Z,NVIDIA GeForce RTX 4090 Laptop GPU, 14450, 99, 86, 135.95
2026-09-07T15:17:20Z,NVIDIA GeForce RTX 4090 Laptop GPU, 14450, 99, 86, 142.93
2026-09-07T15:17:21Z,NVIDIA GeForce RTX 4090 Laptop GPU, 14450, 100, 87, 138.07
2026-09-07T15:17:22Z,NVIDIA GeForce RTX 4090 Laptop GPU, 14450, 100, 86, 110.46
2026-09-07T15:17:23Z,NVIDIA GeForce RTX 4090 Laptop GPU, 14450, 99, 86, 129.47
2026-09-07T15:17:25Z,NVIDIA GeForce RTX 4090 Laptop GPU, 14450, 99, 86, 139.70
2026-09-07T15:17:26Z,NVIDIA GeForce RTX 4090 Laptop GPU, 14450, 99, 86, 139.82
2026-09-07T15:17:27Z,NVIDIA GeForce RTX 4090 Laptop GPU, 14458, 100, 86, 114.11
2026-09-07T15:17:28Z,NVIDIA GeForce RTX 4090 Laptop GPU, 14458, 99, 86, 120.37
2026-09-07T15:17:29Z,NVIDIA GeForce RTX 4090 Laptop GPU, 14458, 99, 86, 136.51
2026-09-07T15:17:30Z,NVIDIA GeForce RTX 4090 Laptop GPU, 14458, 99, 86, 136.51
2026-09-07T15:17:31Z,NVIDIA GeForce RTX 4090 Laptop GPU, 14458, 100, 88, 130.01
2026-09-07T15:17:32Z,NVIDIA GeForce RTX 4090 Laptop GPU, 14446, 99, 86, 112.26
2026-09-07T15:17:33Z,NVIDIA GeForce RTX 4090 Laptop GPU, 14446, 94, 86, 130.00
2026-09-07T15:17:34Z,NVIDIA GeForce RTX 4090 Laptop GPU, 14446, 99, 86, 130.38
2026-09-07T15:17:35Z,NVIDIA GeForce RTX 4090 Laptop GPU, 14446, 100, 87, 126.25
2026-09-07T15:17:36Z,NVIDIA GeForce RTX 4090 Laptop GPU, 14446, 100, 86, 107.11
2026-09-07T15:17:37Z,NVIDIA GeForce RTX 4090 Laptop GPU, 14446, 99, 86, 126.46
2026-09-07T15:17:37Z,NVIDIA GeForce RTX 4090 Laptop GPU, 14446, 99, 86, 132.22
2026-09-07T15:17:38Z,NVIDIA GeForce RTX 4090 Laptop GPU, 14446, 99, 86, 132.07
2026-09-07T15:17:39Z,NVIDIA GeForce RTX 4090 Laptop GPU, 14446, 100, 86, 108.93
2026-09-07T15:17:40Z,NVIDIA GeForce RTX 4090 Laptop GPU, 14446, 99, 86, 119.94
2026-09-07T15:17:41Z,NVIDIA GeForce RTX 4090 Laptop GPU, 14446, 99, 86, 132.82
2026-09-07T15:17:42Z,NVIDIA GeForce RTX 4090 Laptop GPU, 14446, 99, 86, 132.84
